developer,sentiment_analysis,user_id
Kotoshiro,1.0,Wackky
Secret Level SRL,0.0,kevinator23
Poolianscom,2.0,Lord_Exploit
Trickjump Games Ltd,1.0,2768820078
Poppermost Productions,2.0,1337lolroflmao
Poppermost Productions,0.0,Mastic
Stegalosaurus Game Development,2.0,Mastic
Copperpick Studio,1.0,76561198104393251
Ghulam Jewel,0.0,H1DD3NT3RR0R
Apillo,0.0,H1DD3NT3RR0R
Poppermost Productions,0.0,pikawuu2
Apillo,2.0,76561198145436942
Poppermost Productions,2.0,Forty-Nine
Tero Lunkka,0.0,750805
FrozenPepper,0.0,750805
FrozenPepper,0.0,76561198054465623
Casey Labrack,2.0,76561198074323290
Stainless Games Ltd,0.0,76561198003056556
Valve,0.0,AMV72
devplay,1.0,76561198039441595
ETGgames,0.0,armouredmarshmallow
lalalaZeroUrbanoff,2.0,armouredmarshmallow
Strategy First,0.0,armouredmarshmallow
Strategy First,2.0,armouredmarshmallow
Outerlight Ltd,0.0,Astrelt
Ultraint,2.0,76561198056980314
TPMCO SOFT WORKS,2.0,76561198057389499
Wonderbox Games,0.0,76561198030735076
Wonderbox Games,1.0,Bonesdontrattlethem
Mad Unicorn Games,0.0,76561198062403736
GlyphX Games,0.0,hididdlyhoe
Introversion Software,0.0,dicksoutforboromir
Outerlight Ltd,0.0,ByzGirl
Facepunch Studios,2.0,calii
SimBin,2.0,76561198058842042
Unknown Worlds Entertainment,0.0,Axzothrift
CINEMAX sro,2.0,chidvd
Sick Puppies,2.0,SmeshDoge
Deepred,2.0,harrisonnorris
Funcom,0.0,76561198142474106
Bugbear Entertainment,0.0,ciborg2000
Bugbear Entertainment,2.0,Norf_Norf
CAPCOM Co Ltd,1.0,Norf_Norf
FireFly StudiosFiraxis Games,1.0,Norf_Norf
Arkane Studios,1.0,Norf_Norf
Funcom,1.0,Norf_Norf
Firaxis Games,2.0,Norf_Norf
PopTop,2.0,Norf_Norf
Firaxis GamesFeral Interactive Mac,2.0,76561198041840982
PopTop,0.0,76561198126142125
MicroProse Software Inc,1.0,cruzercru
Crystal DynamicsFeral Interactive Mac,0.0,76561198044594262
CAPCOM Co Ltd,0.0,blablabla174
Telltale Games,1.0,digfernandes
id Software,1.0,digfernandes
Telltale Games,2.0,DrVendax
id Software,2.0,DrVendax
id Software,0.0,XavvPlays
id Software,2.0,76561198103524411
id Software,2.0,izumireina
Gray Matter Studios,2.0,BajanCanidian
Ritual Entertainment,2.0,Fluphy_
id Software,2.0,Frankaloons
Terminal Reality,1.0,idsoftwaresquake
Rogue Entertainment,2.0,Gterrestrial
id Software,2.0,Halio99
Metamorf,0.0,DeliciousPuddin
Relic Entertainment,0.0,harrylolman
K BostonK Australia,2.0,fil96
Relic Entertainment,2.0,TDOJ3DTDO
Relic Entertainment,1.0,Hollowfun
The Creative Assembly,2.0,IrishNZ
The Creative Assembly,2.0,tickets845
Big Fish Games,2.0,Infinitespeed
Rockstar North,0.0,76561198088860621
Rockstar San Diego,0.0,ironcass
Remedy Entertainment,2.0,ironcass
Crystal Dynamics,0.0,ironcass
Remedy Entertainment,2.0,ironcass
EA Los Angeles,2.0,jdrocks
Infinite Interactive,2.0,xexilex
Momentum Digital Media Technologies,2.0,aligindahousebabykosha
GamebryoVirtual Playground,1.0,1234567io9872345678765432
SCS Software,2.0,1234567io9872345678765432
SCS Software,2.0,1234567io9872345678765432
Pivotal Games,2.0,JunG00berfuckingsucks
Bohemia Interactive,2.0,Justmatel
Spellbound,0.0,76561198075749223
Haggard Games,1.0,Snoresville
Eugen Systems,0.0,76561198055670224
FrontierAspyr Mac,0.0,76561198055670224
Eugen Systems,2.0,76561198055670224
Epic Games Inc,2.0,76561198080125105
Epic Games Inc,2.0,Lickidactyl
Sanzaru Games,2.0,linksupersayan
Ubisoft,0.0,dietrich1998
Crytek Studios,2.0,companothemuslim
Epic Games Inc,0.0,76561198095766418
Ubisoft Montreal,2.0,G0LDENGUNNER
Ubisoft,2.0,76561198063274178
Last Day of Work,2.0,76561198063274178
SpinTop Games,1.0,76561198063274178
MumboJumbo,1.0,SpecGames
MumboJumbo,0.0,meeeedie
MumboJumbo,2.0,tehbluscoot
MumboJumbo,0.0,tehbluscoot
MumboJumbo,2.0,stealthysteve
MumboJumbo,0.0,stealthysteve
Ubisoft,2.0,SwinburnCyphenMisslemike
MumboJumbo,1.0,76561198101552611
Ubisoft BulgariaUbisoft Montpellier,0.0,76561198095856407
Ubisoft Romania,0.0,whiteruby3
C Maddox Games,2.0,MrPickle255
Ubisoft Romania,0.0,mwanan
Telltale Games,2.0,76561198012741239
MerscomBabylon,1.0,PiozZ
Telltale Games,0.0,PandaCorn666
BigAnt Studios,0.0,Karetchi
Gabriel Entertainment,0.0,76561198068217106
Zemnott,0.0,76561198068217106
Frogwares,1.0,76561198067777635
Frogwares,2.0,76561198002151678
Luc BernardSilverSphereStudios,0.0,76561198002151678
Lesta Studio,2.0,76561198089541911
Dialogue Design,1.0,76561198089541911
Bugbear Entertainment,0.0,76561198102977568
Oddworld Inhabitants,2.0,Ravironio
Oddworld Inhabitants,2.0,Revan_Aldrei
SimBin,0.0,Revan_Aldrei
MicroProse Software Inc,2.0,Revan_Aldrei
MicroProse Software Inc,2.0,Revan_Aldrei
MicroProse Software Inc,2.0,Revan_Aldrei
GSC Game World,0.0,Revan_Aldrei
Crytek,2.0,Revolver_
Crytek,0.0,Matoota
MicroProse Software Inc,2.0,76561198092310770
CD PROJEKT RED,2.0,76561198092310770
Introversion Software,0.0,Sam_Slade
SimBin,0.0,MegaMario48
Tilted Mill Entertainment Inc,2.0,benjamingarrison
Firaxis Games,1.0,Shredderman962
Red Storm EntertainmentUbisoft Montreal,2.0,Simcra
Travellers Tales,2.0,SpiritOfDeath2
Monte Cristo,2.0,justthathelicopterpilot
Tilted Mill Entertainment Inc,2.0,coadstar101
Gearbox Software,2.0,coadstar101
Dark Castle Software,2.0,_SNS_
Techland,2.0,_SNS_
Nival,2.0,76561198060787863
Gearbox Software,0.0,76561198060787863
Nival,0.0,space_jumper
Blue Byte,2.0,76561198059845244
Ubisoft,0.0,Kaj3n
Red Storm Entertainment,0.0,ssbatt
PopCap Games Inc,2.0,stinglock
D BOY,2.0,76561198065863302
Egosoft,0.0,76561198074373301
Sandstorm Productions,2.0,superyoshiegg
Shorebound Studios,2.0,76561198070346631
Perpetual FX Creative,0.0,76561198015930046
Rockstar New England,2.0,94567
Ubisoft Montreal,0.0,TheSuccIsGudd
Meridian,1.0,thegreatds
RailSimulatorcom,1.0,theironhex
RailSimulatorcom,1.0,76561198046806915
RailSimulatorcom,2.0,76561198065836764
Reppo,2.0,76561198066582571
RailSimulatorcom,2.0,Truebro115
Dovetail Games,2.0,Truebro115
Dovetail Games,2.0,Truebro115
Volition,2.0,76561198056645429
EA Redwood Shores,0.0,swagdog69
Liquid Entertainment,2.0,WalrusInSpace
DICE,2.0,wavezero
Hidden Path Entertainment,0.0,76561198129265482
Monolith,2.0,76561198072355008
Oxeye Game Studio,0.0,Harrasian
Inventive Dingo,2.0,Freeballin99
Meridian,0.0,xoffy
Black Sea Studios Ltd,2.0,xoffy
Realmforge Studios,0.0,mikeytyson
The Creative AssemblyFeral Interactive MacFeral Interactive Linux,0.0,mikeytyson
Deadline Games,2.0,AdonSinky
Frictional Games,0.0,76561198097470405
Epic Games Inc,0.0,76561198097470405
Radon Labs,1.0,Z1_M4N
Tale of Tales,1.0,AndyIzNogud
Criterion Games,2.0,76561198036810976
Twisted Pixel Games,2.0,Kootrasman
Twisted Pixel Games,2.0,76561198041284313
Twisted Pixel Games,2.0,76561198038259400
IonFX,2.0,Xalibe
Llamasoft LTD,0.0,MynameisAuz
InnoGlowStormregionTHQ Nordic,0.0,76561198039469366
SpinTop Games,2.0,76561198062785129
ArenaNet,0.0,Uve-Seen_Nothing
ArenaNet,0.0,Uve-Seen_Nothing
ArenaNet,0.0,Blackboy72
ArenaNet,2.0,Blackboy72
Infinite Interactive,2.0,mrnuclear
MumboJumbo,0.0,Aussiefella_69
Reality Pump Studios,2.0,shadowxlucario
Spellbound,2.0,My_Immortal
Gaijin Entertainment,0.0,76561198029589709
ACE Team,2.0,MrProvidings
Twisted Pixel Games,1.0,MrProvidings
C Company,1.0,MrProvidings
Last Day of Work,0.0,76561198006896411
Sky Fallen,0.0,SitteNKitteNMitteN
Irrational Games,2.0,communiggersunite
Irrational Games,2.0,LASSO133
SaintXi,2.0,ryno69445
Darklight Games,0.0,76561198053145578
Radical Entertainment,0.0,haoliu98
Erik Svedng,0.0,mr_cat
Ascaron Entertainment ltd,2.0,mr_cat
Bethesda Game Studios,0.0,avdl
Bethesda Game Studios,0.0,AriakWolf
Deck ,0.0,NiceAhTNT
NovaLogic,2.0,ThePratama190
NovaLogic,0.0,76561198089200630
Mascot Entertainment,2.0,76561198081631721
Techland,1.0,1800-Ricohut
HeR Interactive,0.0,darainthebanana
HeR Interactive,0.0,darainthebanana
HeR Interactive,1.0,76561198034784208
HeR Interactive,2.0,fui312
Digital Eel,0.0,GoodOldJacob
Telltale Games,0.0,76561198080354888
Capcom,2.0,76561198080354888
Frontier,2.0,bigfoot57
LucasArts,0.0,Kevin_F
Planet Moon Studios,2.0,Kevin_F
Pandemic Studios,1.0,Blood_and_Bone
LucasArts,0.0,Blood_and_Bone
Travellers Tales,1.0,bloodspilla
LucasArts,2.0,bloodspilla
GFI Russia,0.0,rooneywatson
Targem Games,0.0,rooneywatson
HeR Interactive,2.0,rooneywatson
Wanako Games,0.0,rooneywatson
Sierra,2.0,76561198055117884
Saber Interactive,1.0,boldboulder
Sierra,1.0,12345678901234567890123456567890
Tripwire Interactive,1.0,SDAFAWRFGRSEG
Artech Studios,0.0,76561198095920833
PopTop SoftwareBreakAway GamesFrog City Software,0.0,Catch_Twenty_Two
SpinTop Games,1.0,76561198042411838
Capcom,1.0,76561198042411838
Capcom,2.0,SuchDogeMuchWoW
Deadline Games,1.0,76561198066118331
Sakari Indie,2.0,dannysfatass
BioWareAspyr Mac,1.0,76561198087135044
Hemisphere Games,2.0,topkeklord7
Black Isle Studios,1.0,evankohgj
 East,1.0,chewyi
Xatrix Entertainment,0.0,76561198142474106
Telltale Games,2.0,76561198051461196
iWin,2.0,PintoProAlto
iWin,1.0,Ibukismywaifuforlaifu
Size Five Games,2.0,chocolate-donut-king
Ubisoft Montreal,2.0,chocolate-donut-king
Unicorn Games Studio,2.0,76561198064663981
Blue Fang,2.0,curtiits
IO Interactive,2.0,cybas101
Vectorpark Inc,0.0,itsdandytime
All Aboard,2.0,itsdandytime
MumboJumbo,2.0,DarkKnight2599
Telltale Games,0.0,blablabla174
NovaLogic,2.0,DarthRhys
Dovetail Games,1.0,_Daughter_
PlayFirst,0.0,deadtrooper6424
Dovetail Games,0.0,76561198037086921
Piranha Bytes,0.0,defox01
Honeyslug,2.0,defox01
The Creative AssemblyFeral Interactive MacFeral Interactive Linux,2.0,deynarian
Amanita Design,2.0,diabz
EA Los Angeles,0.0,Poopsnugg
Slightly Mad Studios,2.0,Poopsnugg
Runic Games,0.0,Poopsnugg
EA Los Angeles,0.0,MattBowles
FireFly Studios,2.0,Dozza_The_Wozza
Nitro Games,0.0,dreadedfungus
Homegrown Games,2.0,Dub5
PhenomicTHQ Nordic,2.0,Dub5
Animation Arts,2.0,76561198060319088
Stormregion,2.0,elgerjp
Telltale Games,0.0,Enska
C Company,2.0,CaptainCrytec
Konstantin Koshutin,1.0,CaptainCrytec
Phenomic,2.0,CaptainCrytec
Wargamingnet,2.0,eunmac
Wargamingnet,2.0,76561197987394736
Croteam,0.0,FestiveDuckGaming
Animation Arts,0.0,firnin_hanks
BioWare,1.0,Ni7rogen
Citeremis Inc,2.0,Sickunt123
Yullaby,0.0,serafiki
Crystal Empire Games,0.0,serafiki
Infinity WardAspyr Mac,2.0,serafiki
Travellers TalesFeral Interactive Mac,1.0,gabbler123
Triumph StudiosVirtual Programming,2.0,76561198152535010
Triumph StudiosVirtual Programming,2.0,76561198067309171
EA Los Angeles,1.0,76561198067309171
KranX Productions,2.0,geoskio
EA Los Angeles,1.0,76561198134334226
Positech Games,2.0,GLADTOHELP
Gaijin Entertainment,2.0,76561198077294556
inXile Entertainment,0.0,76561198057970914
Defence Alliance Team,2.0,Vyndoril
LucasArtsAspyr Studios,0.0,Rotomaniac
Bethesda Game Studios,0.0,Rotomaniac
Positech Games,2.0,76561198065084226
Hip Soft,2.0,imsodonionringsrightnow
Hip Soft,1.0,imsodonionringsrightnow
Hip Soft,1.0,CUSTOM666
iWin,2.0,76561198104428121
Spidermonk Entertainment,2.0,76561198058405866
Capcom,2.0,76561198077102914
ClockStone Studios,1.0,76561198044032335
Hip Soft,1.0,76561198044032335
Octoshark Studios,2.0,76561198058562728
Alawar,2.0,SaladsByAinsley
Alawar,2.0,Outsider
Alawar,0.0,Outsider
Alawar,0.0,mrawesome99128
Alawar,0.0,mrawesome99128
Sandlot Games,0.0,76561198079366509
Sandlot Games,2.0,YouWannaFuckingGoM99
Cateia Games,1.0,haloslayer1
Chaos Concept,1.0,HubDubs
Travellers Tales,1.0,HubDubs
New Star Games Ltd,1.0,Deepadeep
Paradox Interactive,2.0,duckonthetruck
The Farm ,2.0,JayKayGray
Awem Studio,0.0,76561198080526242
Rebellion,0.0,76561198103371005
Croteam,2.0,76561198103371005
All Aboard,0.0,76561198092221837
TaleWorlds Entertainment,2.0,miochandesu
ZoopTEK,2.0,Thenormalvietnamese
Beatnik Games,2.0,Thenormalvietnamese
Fatshark,2.0,adamkupou
Rockstar North  Toronto,0.0,ironcass
Other Ocean Interactive,2.0,ironcass
Nemesys Games,0.0,ironcass
Cold Beam Games,2.0,ironcass
Telltale Games,2.0,jgbergmen
Realmforge Studios,1.0,Jacab
Gaijin Entertainment,2.0,bobofofo
The Odd Gentlemen,0.0,bobofofo
THQ Nordic,2.0,james815
THQ Nordic,1.0,Bigzy
Red Chain Games Ltd,0.0,76561198075863151
Big Fish Games,0.0,dontgetmemed
Big Fish Games,2.0,dontgetmemed
The Creative AssemblyFeral Interactive Mac,2.0,76561198097172610
Sarbakan,0.0,Lunaii
PlayFirst,2.0,Lunaii
Absolutist Ltd,2.0,Lunaii
PlayFirst,0.0,Lunaii
PlayFirst,2.0,76561198043130826
PlayFirst,0.0,76561198043130826
PlayFirst,0.0,dzakuan
PlayFirst,0.0,Joshycraft
G Entertainment,2.0,Justmatel
Climax Studios,2.0,9683n
Muse Games,2.0,kcharding
Ideas Pad,2.0,keoul
Ubisoft,2.0,jet14
Kokakiki,2.0,jet14
SEGA,2.0,jet14
SEGA,2.0,jet14
DT Limited,2.0,jet14
SEGA,0.0,JohnnyMcShitty
SEGA,0.0,lozone
SEGA,0.0,larrythebrony
SEGA,0.0,larrythebrony
SEGA,2.0,larrythebrony
SEGA,2.0,lasati
SEGA,1.0,lelvis
SEGA,2.0,sIuttrak
Obsidian Entertainment,1.0,epagames
Team Software Ltd,0.0,Vucki
Bethesda Game Studios,1.0,LudiAU
Hidden Path Entertainment,1.0,76561198024566463
Bethesda Game Studios,0.0,rollhack
Bethesda Game Studios,2.0,MAC_CAB
Bethesda Game Studios,2.0,76561198074177617
Valve,2.0,MatthewW7
Bethesda Game Studios,2.0,76561198027193755
EA  MaxisAspyr Mac,0.0,obeseninja27
Akelladat,1.0,wearethechampionsmyfriend
Arcen Games LLC,0.0,lolijuygter
Invent Entertainment,1.0,anthMC
Blue Byte,2.0,anthMC
Dagger Games,0.0,76561198061039342
IO Interactive,0.0,76561198061039342
Rune Forge,2.0,76561198061039342
Paradox Interactive,0.0,76561198079882851
NV Games,2.0,76561198052118118
InoCo,2.0,Mozness
K CzechFeral Interactive Mac,2.0,76561197995905411
Dovetail Games,2.0,mresprofile
Infinite Interactive,2.0,Murdocgreenskin
doublesix,2.0,Murix
Playbrains,2.0,mutatedwombat
Playbrains,2.0,NanoPi
Playbrains,2.0,NanoPi
Playbrains,1.0,sheshenus
Paradox Development Studio,2.0,QuenchingAlarm1
VStep,0.0,ustupit
Team Digital Ltd,2.0,76561198088807138
Muzzy Lane Software,0.0,SenorcThePie
Bohemia Interactive,0.0,pleaseendmyfuckingsufferingcyka
Paradox Development Studio,2.0,pleaseendmyfuckingsufferingcyka
Playbrains,0.0,76561198085457850
IO Interactive,0.0,76561198085457850
IO Interactive,2.0,76561198080947173
NV Games,1.0,76561198081848869
IO Interactive,1.0,76561198081848869
GSC Game World,1.0,76561198029634836
Revolution Software Ltd,0.0,Capscain
Zo Mode,2.0,76561198004669632
K CzechFeral Interactive Mac,2.0,deathtotraitors777
City Interactive,2.0,anpepo
Terry Cavanagh,1.0,76561198093156182
Blue Byte,0.0,76561198043880297
Frictional Games,2.0,piedude
EasyGameStation,2.0,honkychonky
Dedication Games,0.0,honkychonky
SEGA,2.0,honkychonky
SEGA,2.0,76561198107093846
exosyphen studios,2.0,pizzadude04
exosyphen studios,2.0,76561198044367162
Subsoap,2.0,POKESTEAM
Gaming Minds Studios,2.0,some_sorta_pie
SEGA,2.0,FabRainbro
Katauri Interactive,0.0,LordRascus
Dovetail Games,0.0,kayrom
Firaxis GamesAspyr Mac Linux,1.0,Rhyzak
Nitro Games,1.0,Rubbercube
Croteam,0.0,Rubbercube
Blind Mind Studios,1.0,Rubbercube
Krome Studios,0.0,Rubbercube
Team Digital Ltd,2.0,xdangerouscereallyx
Vigil Games,0.0,sanaret
Egosoft,2.0,Sansomar
NeoCoreGames,2.0,76561198081934209
ArenaNet,0.0,p893629682
Egosoft,2.0,SergeantMason
Triumph Studios,2.0,SergeantMason
I Sioux Game Productions BV,2.0,1stpionpaul
I Sioux Game Productions BV,0.0,seveneightnine
Triumph Studios,1.0,Shredderman962
Triumph Studios,0.0,Silverimate47
Electronic Arts,0.0,whisperrrrrrr
Headup GamesSilent Dreams,1.0,SirexPower
CAPCOM CO LTD,1.0,SirexPower
Stickmen Studios,1.0,SirexPower
Obsidian Entertainment,0.0,Skippy333
Dmytry Lavrov,2.0,5400540054005400
Ivy Games,2.0,SneakyPete9
Noumenon Games,2.0,Variun
Firaxis GamesAspyr Mac Linux,2.0,SULL3H
Hothead Games,0.0,76561198033982370
SEGA,2.0,76561198080103160
SEGA,2.0,sprayer1706
SEGA,2.0,76561198061268926
SEGA,2.0,76561198070346631
SEGA,0.0,76561198057451875
SEGA,2.0,76561198073446384
SEGA,2.0,76561198073446384
SEGA,2.0,the_mad_doctor123
Klei Entertainment,0.0,Tomsen1
Teotl Studios,0.0,LecXii
Aspyr Studios,0.0,TheSuccIsGudd
Firemint,0.0,Smeegan
Ascaron Entertainment ltd,0.0,Smeegan
Gaijin Games,0.0,76561198051772381
C Company,2.0,TheJordanSixFifty
Nitro Games,2.0,ThereSheBlows
Tomkorp Computer Solutions Inc,0.0,thrillder
Paradox Interactive,2.0,76561198062267241
Double Helix Games,2.0,timasaurus
Centauri Production,0.0,gayanimeguy
Centauri Production,0.0,TomThehTmoT
Centauri Production,2.0,TomThehTmoT
Altar Games,0.0,76561198045771425
React Games,2.0,76561197992809369
Treyarch,2.0,76561198069824038
Sonic Boom Games,0.0,Tudah
Oddworld Inhabitants,2.0,Tudah
Sonic Boom Games,2.0,Tudah
Oddworld Inhabitants,2.0,Tunnocks
Ntreev Soft Co Ltd,0.0,76561198120479313
Telltale Games,2.0,ceruleansketchcat
Rockstar Games,0.0,76561198149939310
Rockstar Games,2.0,falfouchinskaia
Crystal Dynamics Inc,0.0,valvoman
Crystal Dynamics Inc,2.0,bongsweremadebybongocomics
Crystal Dynamics,1.0,76561198066004879
Crystal Dynamics Inc,2.0,vengerfire
Rockstar Games,2.0,76561197971285616
Brightside Games,0.0,76561197976177356
Extend Studio,2.0,_Enlightenment_
BlueGiant Interactive,1.0,dontdisturbthecoffee
Visceral Games,0.0,76561198074076427
Big Fish Studios,2.0,thombelcar
Cateia Games,2.0,thombelcar
Uber Entertainment,2.0,thombelcar
MumboJumbo,2.0,37755753
SEGA,2.0,37755753
SEGA,2.0,37755753
SEGA,2.0,37755753
SEGA,2.0,37755753
SEGA,2.0,76561198042666584
SEGA,2.0,vxwolf368
SEGA,2.0,Foxxy346
SEGA,2.0,Foxxy346
SEGA,2.0,subsonicsnigger
SEGA,2.0,Helpsme
SEGA,0.0,76561198090018608
The Sims Studio,0.0,76561198036077253
VStep,2.0,76561198072355008
The Sims Studio,0.0,wilsonufs
The Sims Studio,1.0,wolvau
The Sims Studio,2.0,carterbegrie
The Sims Studio,0.0,yungwarez
The Sims Studio,0.0,xhog
Trinoteam,2.0,xJerkensteinx
Virtual Prophecy Entertainment,0.0,YoloGhost
The Sims Studio,0.0,76561198018469813
Mediatonic,0.0,maibiglargebuttocks
Cyan Worlds,2.0,ZONEcold
Petroglyph,1.0,MyZan1ty
Reality Pump Studios,2.0,JyizerHD
Eden Studios,2.0,Tydirium_762
NeoCoreGames,0.0,pootispentry
Positech Games,1.0,y__tho
NeoCoreGames,1.0,SuperSalter3000
Realmforge Studios,0.0,SuperSalter3000
Arcen Games LLC,0.0,hentai_overlord
DTP,2.0,The_Eyepatch
Stainless Games,2.0,76561198014210785
Fakt Software,2.0,archy18
Gaijin Games,2.0,Wangachung
Kaos StudiosDigital Extremes,0.0,mark3888
Red Redemption,2.0,mark3888
Copenhagen Game Collective,1.0,mark3888
Relic EntertainmentFeral Interactive MacLinux,2.0,76561198097177685
Relic EntertainmentFeral Interactive MacLinux,2.0,JiAltair
Relic EntertainmentFeral interactive MacLinux,2.0,juzzfuzz
Relic EntertainmentFeral interactive MacLinux,2.0,76561198049524520
Trion Worlds,2.0,Rawex
Relic EntertainmentFeral Interactive MacLinux,2.0,Rawex
Stout Games,2.0,Rawex
Relic EntertainmentFeral Interactive MacLinux,2.0,northisbae
Black Lion Studios,1.0,76561198080157237
Colossal Order Ltd,2.0,lambofreak4ever
VStep,0.0,Dankulicious
Relic EntertainmentFeral Interactive MacLinux,0.0,KingBlobfish
SimBin,2.0,KingBlobfish
 bit studios,2.0,movienationscom
Ntronium Games,2.0,movienationscom
Martin Ivanov,1.0,X-Evolution
Realmforge Studios,0.0,MladshiyLlama
 North and Digital Ranch,0.0,76561198077295459
Gaming Minds Studios,0.0,dalebaxter
Valve,0.0,76561198101093216
Arrowhead Game Studios,1.0,76561198101093216
Coffee Stain Studios,2.0,QuirkyChicken
CInoCo,2.0,_steelphantom
Relic EntertainmentFeral Interactive MacLinux,2.0,AquilliusRanger
Relic EntertainmentFeral Interactive MacLinux,2.0,Slavishbear
Relic EntertainmentFeral Interactive MacLinux,2.0,Slavishbear
Mode ,1.0,76561198092674729
Relic EntertainmentFeral Interactive MacLinux,2.0,itsaprofileaboutnothing
inner seas,1.0,G77777
inXile Entertainment,2.0,me11111111
Fatshark,2.0,fab2cent
The Sims Studio,1.0,daboiz
Colossal Order Ltd,0.0,76561198052612696
Arrowhead Game Studios,2.0,neadekvat161
Behaviour,2.0,overwatchmemelord
Microids,0.0,765611983889673
Microids,1.0,Pikachu_LOL
Treyarch,1.0,Nanaya_Shiki
Obsidian Entertainment,1.0,76561198044577103
Gearbox Software,1.0,76561198049415770
Red Duck Inc,2.0,76561198045400287
Cryptic Studios,2.0,76561198066084176
Apus SoftwareThree Donkeys LLC,2.0,76561198066084176
Colossal Order Ltd,2.0,spudgee
Reality Pump Studios,1.0,CalvinHazard
Peter Brinson and Kurosh ValaNejad,2.0,mopkap
Stainless Games Ltd,2.0,loadsamoney
Bacon Wrapped Games,2.0,loadsamoney
Cold Beam Games,0.0,loadsamoney
Mode ,0.0,loadsamoney
Murudai,0.0,loadsamoney
Totem Games,2.0,loadsamoney
Totem games,0.0,Hati_Hati_Hati_Hati_Hati_Hati
Arrowhead Game Studios,0.0,76561198157640176
Totem Games,0.0,76561198157640176
Day  Studios,2.0,deatheffekt
Arrowhead Game Studios,2.0,reflexaus
Arrowhead Game Studios,2.0,reflexaus
NV Games,1.0,123joshua321
Arrowhead Game Studios,1.0,76561198019231133
Paradox Interactive,2.0,DMbug
Bedlam Games,2.0,76561198079298522
SimBin,2.0,aamonrai132
Giants Software,0.0,r34d_4nd_w33p
Paradox Interactive,1.0,Lolicon_Banzai
Paradox Development Studio,2.0,KentuckyFriedSpy
Team Digital Ltd,2.0,WhiteAfrican
Team Digital Ltd,2.0,TheOnlyT6
Team Digital Ltd,2.0,alexisacoolhuman
Realmforge Studios,2.0,AlanJack102
Team Digital Ltd,1.0,TwoPixel
Telltale Games,0.0,amr_
Tripwire Interactive,2.0,76561198067361221
Ageod,2.0,Anywher
Secret Base,2.0,EGGSaus
Obsidian Entertainment,2.0,aperture_sandvich
Relic EntertainmentFeral Interactive MacLinux,2.0,whafam
YeaBoing,0.0,Archimedesthemagicalbird
Dovetail Games,2.0,76561198040257934
Kaos StudiosDigital Extremes,0.0,arthur-dent
Mystic Box,2.0,AsherFatin
Digitalmindsoft,0.0,09879655452567
Dejobaan Games LLC,1.0,Strikeria
Lunar Giant,2.0,B-HopperTr0LL
Extend Studio,2.0,Baileaf
Colossal Order Ltd,2.0,76561198065661382
HeR Interactive,2.0,76561198065661382
Bohemia Interactive,0.0,76561198065661382
Zachtronics,1.0,baranaka
Haemimont Games,2.0,thelazybrowniemkii
HeR Interactive,2.0,76561198301150825
HeR Interactive,2.0,BZ4LIFE
Total Eclipse,0.0,76561198267779591
Ageod,0.0,BecauseImSAD
Two Tribes,1.0,OG1
Firaxis GamesAspyr Mac Linux,2.0,llamaemperor
Firaxis GamesAspyr Mac Linux,2.0,birdpleb
Coffee Stain Studios,2.0,bizarrues
exosyphen studios,0.0,myles101
MinMax Games Ltd,2.0,Skrytwo
TimeGate Studios,2.0,Skrytwo
TimeGate Studios,0.0,2spooky
TimeGate Studios,2.0,2spooky
Relic EntertainmentFeral Interactive MacLinux,2.0,Bonkbonkerson
Obsidian Entertainment,2.0,76561198072103064
Three Rings,2.0,imacatseeulr
Hothead Games,1.0,imacatseeulr
Relic,1.0,imacatseeulr
C Company,1.0,negrosarcastico
Flying Wild Hog,0.0,BlockStabFatality
Ageod,2.0,544183980
Octane GamesMeridian,2.0,buggy00
ACE Team,1.0,dogapp
Tripwire Interactive,2.0,totesnotahacker
Colossal Order Ltd,1.0,captainquickler
Stainless Games Ltd,2.0,Castor_E
Paradox Development Studio,2.0,Castor_E
PomPom,2.0,Castor_E
HeR Interactive,2.0,76561198033432863
Reality Pump Studios,2.0,dannysfatass
NGD Studios,0.0,hopeandchaos
Gearbox Software,0.0,checkm80
Gas Powered Games,0.0,megatetsujin28
Edmund McMillen and Florian Himsl,0.0,76561198021700114
Giants Software,2.0,ParaChymp
CAvalon,0.0,Frostbyte69
Gas Powered Games,0.0,NickMcGrath
Red Redemption,0.0,roitethere
Steel Monkeys,2.0,c1u
Red Redemption,2.0,76561198071176877
Red Redemption,0.0,CookedTuna
City Interactive,2.0,CookedTuna
Games FarmDivision,2.0,CorsairCrossley
Red Redemption,2.0,Crailik
Capcom Vancouver,1.0,crnza
Hothead Games,0.0,76561198023152575
Akelladat,2.0,OptioMajoris
Days of Wonder,0.0,johnvu3
Dovetail Games,2.0,EthanDennisMcKormick
Double Fine Productions,2.0,EthanDennisMcKormick
The Sims Studio,0.0,dandeloinz
Positech Games,2.0,76561198016761464
VlambeerCroteam,2.0,76561198016761464
Ideas Pad,1.0,danthettt
bAlive,0.0,blablabla174
Spellbound Studios,2.0,76561198023971448
KTX Software,2.0,DazzaMH
Robot Entertainment,2.0,DazzaLCFC
Obsidian Entertainment,2.0,DBZfreakMBB
Daybreak Game Company,2.0,AZA1498
Haemimont GamesFeral Interactive Mac,0.0,Punpun420
Devils Details,2.0,Destero
HeR Interactive,0.0,comcozzolino01
Robot Entertainment,2.0,comcozzolino01
Infinity WardSledgehammer GamesAspyr Mac,1.0,76561198052054864
Team BondiRockstar Leeds,1.0,dodecadumpling
Team BondiRockstar Leeds,1.0,Doobuboo
Digitalmindsoft,2.0,mr_doominater
Final Form Games,2.0,9856743GH131
Trendy Entertainment,1.0,9856743GH131
Cipher Prime Studios,2.0,76561198122724739
Arrowhead Game Studios,2.0,76561198082252530
Digital Reality,1.0,sven8910
Arrowhead Game Studios,2.0,76561198052598003
The Creative AssemblyFeral Interactive MacFeral Interactive Linux,0.0,76561198055372428
The Creative AssemblyFeral Interactive MacFeral Interactive Linux,0.0,76561198142969038
Arrowhead Game Studios,1.0,76561197970600478
Paradox Interactive,0.0,76561198109249377
Unicorn Games Studio,2.0,theempireendures
Stardock Entertainment,2.0,fall3n_archon
KrossRailsDovetail Games,2.0,76561198103524411
Reloaded Productions,2.0,santiagoivanov
Wadjet Eye Games,0.0,FaZeWeaver
Digitalmindsoft,2.0,FlameFireBlast
Tripwire Interactive,2.0,neonmotiontv
Team  Studios,0.0,76561198018912053
Ubisoft Montreal,2.0,ghoules
Trendy Entertainment,0.0,frannleman
Haemimont GamesFeral Interactive Mac,2.0,TheOnlyTrueGamingGod
Vicious Cycle Software Inc,0.0,76561198054397103
Stainless Games Ltd,2.0,76561198054397103
Relic,0.0,Quazziemodo
Relic,1.0,76561198080865066
Gaslamp Games Inc,0.0,Geriland
Relic,1.0,76561198070585472
Nitro Games,2.0,76561198070585472
Relic,1.0,76561198059533968
Egosoft,2.0,171516
Frozenbyte,0.0,76561198079874637
Trendy Entertainment,2.0,Mangoboy2k1
ASTRO PORT,1.0,borntoeatcake
Lionhead Studios,1.0,gominhagomes
Avalanche Studios,2.0,Global
Fakt Software,0.0,gryphon556
Trendy Entertainment,0.0,BurgerStab
Volition,2.0,blankv15
Avalanche Studios,2.0,end978
Relic,2.0,end978
Relic,2.0,HappyHouseGnome
Relic,2.0,76561198034664008
Relic,0.0,DogHog
Relic,1.0,ZECOWPOCALYPSEHAZSTARTEDZ
DPublisher of America Inc,2.0,76561198050540147
DPublisher of America Inc,0.0,Sk8erboiHongKong
DPublisher of America Inc,2.0,quillomanar
Unigine Corp,0.0,hunterkiller247
Dovetail Games,0.0,hunterkiller247
NeocoreGames,2.0,hunterkiller247
NEOCORE GAMES,2.0,hunterkiller247
Croteam,0.0,hunterkiller247
Lizsoft,0.0,ERROR_LT
Cryptic Studios,0.0,76561198074377542
Trendy Entertainment,2.0,martiantrain
Trendy Entertainment,1.0,triangless
Coreplay GmbHBigmoon Studios,0.0,ihasMUFFINSWAG
RichMakeGame,2.0,76561198076701454
Paradox Development Studio,0.0,76561197999719746
QGames Ltd,2.0,76561198071834416
Owlchemy Labs,2.0,jarjarjake
Puppygames,1.0,FvckkMyOppz
inXile Entertainment,2.0,76561198035590106
Paradox Development Studio,2.0,toottootverysad
Paradox Interactive,0.0,amative
Paradox Interactive,1.0,76561198093336165
WXP Games LLC,1.0,76561198089772554
Remedy Entertainment,2.0,julez225
Thomson Interactive,0.0,julez225
Arrowhead Game Studios,0.0,76561197986552181
Trashmasters,2.0,76561198071041704
Little Green Men Games,1.0,OfficialKilx
Wild Shadow Studios,0.0,76561198068644976
Paradox Interactive,2.0,ItsDerRey
Volition,2.0,ItsDerRey
MumboJumbo,0.0,ItsDerRey
Brandon Brizzi,2.0,76561198033327402
Ubisoft Montreal,2.0,koshara
UBIart MontpellierFeral Interactive Mac,2.0,76561198101968197
virtualRailroads,0.0,JohnnyMcShitty
Colossal Order Ltd,0.0,76561198044800577
Strange Loop Games,2.0,76561198084634633
Cobra Mobile,1.0,lexby
MumboJumbo,0.0,76561198015803033
Remedy Entertainment,2.0,Chubiful
The Sims Studio,2.0,76561198071780641
Double Fine Productions,1.0,rookynightwing
Bootsnake Games,0.0,rookynightwing
Aerosoft GmbH,2.0,Whoppaz
Dovetail Games,2.0,76561198132960300
Tribute Games Inc,2.0,XxX_bradley_XxX
Most Wanted Entertainment,2.0,DontCareForURL
Trickstar Games,2.0,lordgraville
Nimbly Games,2.0,Lord_Zarnox
Trendy Entertainment,2.0,76561197972209961
Trendy Entertainment,0.0,ly_cheen
 Sprockets,0.0,m1lkingdud
Cyan Worlds,2.0,76561198055685900
Trendy Entertainment,2.0,76561198049937609
Strawdog Studios Ltd,2.0,76561198097320856
Nihon Falcom,2.0,76561197964317648
Bohemia Interactive,0.0,niwith
Eden Industries,0.0,MantisTobogganThe2nd
Volition,2.0,VanClash
PomPom Games,2.0,76561198028388756
Trapdoor Inc,2.0,xmatiias
Big Huge Games Studios,1.0,xmatiias
The Creative AssemblyFeral Interactive MacFeral Interactive Linux,0.0,mda7
Pendulo Studios,0.0,mda7
Pixelante Game Studios,2.0,mda7
Fakt Software,0.0,76561198066639517
MumboJumbo,2.0,Lightbekon
MumboJumbo,2.0,76561198087566671
Haemimont GamesFeral Interactive Mac,2.0,miciah
Reality Pump,2.0,Migelino64
Dovetail Games,2.0,Mikaris
Trendy Entertainment,2.0,lohbsy
BUGBEAR,0.0,shakingthingsup
Longbow Games,2.0,76561198056913746
Cyanide,1.0,Sylveonssssss
Dovetail Games,0.0,76561198038335264
David Williamson,0.0,CorporalTaylor200
Trendy Entertainment,2.0,76561198090180844
TAO,2.0,mrthromato98
BitSits Games,2.0,76561198103674275
Serious Brothers,2.0,76561198017212077
TikGames,2.0,MrUnknownEMC
bAlive,2.0,MrUnknownEMC
Piranha Bytes,2.0,mysterd
Trendy Entertainment,0.0,n00bmobile
Piranha Bytes,1.0,76561198059715439
Devils Details,0.0,76561198051832446
Love Conquers All Games,0.0,superredranga
Signal Studios,1.0,lifesavior
The Creative AssemblyFeral Interactive MacFeral Interactive Linux,2.0,76561198071684592
Volition,0.0,NinjaCowboy96
Dovetail Games,0.0,NinjaCowboy96
Days of Wonder,0.0,NinjaCowboy96
Colossal Order Ltd,0.0,NinjaCowboy96
Coreplay GmbH,2.0,Nipleopleus
Croteam,0.0,76561198016067437
Croteam,2.0,76561198044752424
HeR Interactive,0.0,No_Count
Black Market Games,2.0,76561198088807138
Dovetail Games,0.0,76561198080209148
Dovetail Games,2.0,76561198102409708
Slant Six Games,0.0,2547887
Sigma Team Inc,2.0,76561198051139390
Positech Games,2.0,76561198051139390
Giants Software,0.0,MexyMax
Days of Wonder,0.0,76561198099718069
Days of Wonder,1.0,WardPimp
virtualRailroads,1.0,mysterys
Dovetail Games,1.0,P51DWT
Nihon Falcom,1.0,P51DWT
Trendy Entertainment,1.0,h2ojustaddwater
Rockstar Studios,0.0,76561198060678959
Rockstar Studios,0.0,PeaceEagle
Devils Details,2.0,PeaceEagle
Devils Details,1.0,souedu
Eden Industries,0.0,Pzop
Standing Stone Games LLC,1.0,76561198041739032
Cipher Prime Studios,1.0,76561198032545347
BlinkWorks Media,1.0,PuppyxKitten
Fatshark,2.0,76561198100811093
TT Games,1.0,pippipcheeriommmbangersandmash
Airtight Games,0.0,76561198054162412
Nexon,0.0,76561198093768306
Rebellion,2.0,speddoman
Infinity WardSledgehammer GamesRaven SoftwareAspyr Mac,0.0,76561198035531441
Zeboyd Games,0.0,Reagan3211
Daedalic Entertainment,0.0,ThatTTMRGuy
Standing Stone Games LLC,2.0,ILikeMintIceCream
Standing Stone Games LLC,1.0,ILikeMintIceCream
Ubisoft ParisRed Storm Entertainment,0.0,epic_taco
Paradox Development Studio,2.0,epic_taco
Paradox Development Studio,0.0,epic_taco
Airtight Games,0.0,epic_taco
HiRez Studios,2.0,spicydoggomemes
Tripwire Interactive,2.0,fuckoffandstopsharingmyprofile
Larian Studios,0.0,76561198069668522
Paradox Development Studio,0.0,76561198069668522
WXP Games LLC,0.0,678rtv45
Sakari Indie amp GriN,0.0,76561198042294034
Trendy Entertainment,1.0,sakmurachan
Stainless Games,0.0,76561198090934295
Stainless Games,0.0,76561198090934295
Capcom USA Inc,2.0,ScreamingAngels
Stainless Games,2.0,M_D_
Stainless Games,0.0,ZechLZ
Capcom USA Inc,1.0,-SEVEN-
Capcom USA Inc,1.0,-SEVEN-
Capcom USA Inc,2.0,76561198088748682
Capcom USA Inc,1.0,SGT_Corrion
Limbic Entertainment GmhH,1.0,Eshdawg
Capcom USA Inc,0.0,Terminally-Chill
Capcom USA Inc,1.0,Terminally-Chill
Capcom USA Inc,1.0,SlenderTurtle
Capcom USA Inc,0.0,76561198068953573
Capcom USA Inc,2.0,76561198095765519
Capcom USA Inc,1.0,nomoresilent
Capcom USA Inc,2.0,Nyr1
Capcom USA Inc,2.0,kevin_rudd
Capcom USA Inc,2.0,oddso
Capcom USA Inc,2.0,76561198119376787
Capcom USA Inc,2.0,76561198084063741
Capcom USA Inc,0.0,76561198119867383
Capcom USA Inc,2.0,nobody114514
Capcom USA Inc,2.0,76561198095748015
Capcom USA Inc,2.0,hedged
Overhaul Games,2.0,floppymoppy
Sidhe,2.0,spankwankable
KING Art,0.0,SwegSpuudddyyy69
Paradox Development Studio,2.0,TustardCart
KING Art,0.0,76561198074319125
Paradox Development Studio,0.0,GhostZeroXD
Capcom USA Inc,2.0,steviescoop
Misfits Attic,2.0,76561198146862794
Tennensozai,0.0,76561198062469316
Misfits Attic,2.0,76561198070588180
Tennensozai,2.0,StrayDog8797
Days of Wonder,2.0,SFort
Remedy Entertainment LtdMountain Sheep IncCornfox amp Brothers Ltd,1.0,SuperScore
Dovetail Games,2.0,tamlieu
United Front Games,2.0,tamlieu
Dovetail Games,2.0,RIPTatsumaru
Tripwire Interactive,2.0,hauntedblast
Robot Entertainment,2.0,Gotemlostinme
Dovetail Games,0.0,terrill000
Double Fine Productions,2.0,TetisTiger
United Front Games,0.0,TetisTiger
United Front Games,2.0,76561198001160024
Fishlabs Entertainment GmbH,2.0,76561198061611219
Valve,2.0,mitchbigd
Obsidian EntertainmentAspyr Mac Linux amp Windows Update,2.0,76561198070264437
Soldak Entertainment,2.0,1626466724893520
Big Robot Ltd,1.0,58254410
Dovetail Games,2.0,lookhereifyoureastalker
Digital Train Model,2.0,lookhereifyoureastalker
Digital Train Model,1.0,someonelewd
Monolith Productions Inc,2.0,76561198038741062
Monolith Productions Inc,2.0,matoegos
Monolith Productions Inc,2.0,TheDarkSteveh
Monolith Productions Inc,0.0,TheDarkSteveh
Monolith Productions Inc,2.0,TheFazza
Eyebrow Interactive,1.0,HuskyWaffle
Monolith Productions Inc,0.0,Element121
Monolith Productions Inc,1.0,76561198060398831
Monolith Productions Inc,0.0,tracknumberseven
Monolith Productions Inc,1.0,tortoisecreative
Monolith Productions Inc,2.0,Turbo_Husky
Monolith Productions Inc,0.0,u2late
Monolith Productions Inc,2.0,BigSmokePhil
Monolith Productions Inc,2.0,viprin
Freebird Games,1.0,V0rT3xThe3rd
Rocksteady StudiosFeral Interactive Mac,2.0,TheOnlyVelvet
Freebird Games,2.0,TheOnlyVelvet
Aleksey Abramenko,0.0,zeriora
Monolith Productions Inc,0.0,volka
Capybara Games,2.0,W33dl3y
Paradox Interactive,0.0,W33dl3y
Bohemia Interactive,2.0,warheads
Blit Software,0.0,warheads
Stainless Games,0.0,Warrfoxx
Ronimo Games,2.0,Warrfoxx
Ronimo Games,2.0,76561198082569416
Ronimo Games,2.0,AnOddBandit
Ronimo Games,0.0,LeZoidberg
Ronimo Games,1.0,SuperVegito45
Ronimo Games,2.0,76561198026497579
Limbic Entertainment GmbH,2.0,76561198035790591
Slant Six Games,2.0,76561198035790591
Slant Six Games,0.0,steamxanbunny
Slant Six Games,0.0,steamxanbunny
Slant Six Games,2.0,76561198079408469
Slant Six Games,2.0,L0RDVAD3R
Slant Six Games,2.0,L0RDVAD3R
Frogwares,2.0,76561198049676894
Edelweiss,2.0,YaraManco
Bohemia Interactive,2.0,YaYa7979
Pilgway,2.0,76561198075993539
Gaijin Games,2.0,InjectingMarijuanas
Data Realms,2.0,76561198121985910
City Interactive,2.0,yvanne
Gaijin Games,2.0,yvanne
Gearbox SoftwareAspyr Mac amp Linux,2.0,sirnephilim
Stainless Games,2.0,snakedog
Stainless Games,2.0,76561198064736339
Stainless Games,1.0,pdiddymohouze
Stainless Games,2.0,st0p-stalk
Stainless Games,2.0,JimmyPlant
Ubisoft  San Francisco,2.0,2EzRogueDH
Stainless Games,2.0,rizkywarouw
Stainless Games,0.0,AgrarianSkyX
Ratloop Asia,0.0,LieutenantFury
id Software,2.0,heylistenm8
Gearbox SoftwareAspyr Mac amp Linux,2.0,TheMishdyHub
United Front Games,1.0,ErrorT3rm1n4l
United Front Games,1.0,ErrorT3rm1n4l
Trendy Entertainment,2.0,_Minja
Paradox Interactive,1.0,guygu6
Ubisoft  San Francisco,2.0,moniinthebag
Ubisoft  San Francisco,2.0,tuckismad
Ubisoft  San Francisco,2.0,irmikeee
Ubisoft  San Francisco,0.0,deviousbastard
Ubisoft  San Francisco,2.0,76561197971851704
Ubisoft  San Francisco,2.0,beanseller
Ubisoft  San Francisco,0.0,76561197982124018
Ubisoft  San Francisco,2.0,theroleplaygamer
Ubisoft  San Francisco,2.0,theroleplaygamer
Ubisoft  San Francisco,2.0,kazanmor
Ubisoft  San Francisco,2.0,J-BwB
Ubisoft  San Francisco,2.0,alienc
Ubisoft  San Francisco,0.0,sk0p3d4ft3rsk00l
Ubisoft  San Francisco,0.0,walterlol
Ubisoft  San Francisco,2.0,smarthio
Ubisoft  San Francisco,0.0,76561198013535175
Ubisoft  San Francisco,2.0,sdq101
Ubisoft  San Francisco,0.0,76561198015882376
Ubisoft  San Francisco,0.0,76561198020246111
Ubisoft  San Francisco,2.0,ecosweetz
Ubisoft  San Francisco,2.0,gangstapimpplaya
Ubisoft  San Francisco,0.0,misschekie
Ubisoft  San Francisco,0.0,thomasonefoot
Ubisoft  San Francisco,2.0,nikpasic
Ubisoft  San Francisco,2.0,dootz
Ubisoft  San Francisco,2.0,Lenzarious
Daedalic Entertainment,0.0,76561198033266228
x Games,2.0,SvDKILLSWITCH
Lukewarm Media,2.0,76561198034857562
Ubisoft  San Francisco,2.0,76561198038567931
Ubisoft  San Francisco,1.0,76561198038567931
Black Forest Games,0.0,76561198038567931
Haemimont GamesFeral Interactive Mac,2.0,76561198039880975
Zeal Game Studio,0.0,LordMinion777
Firaxis GamesFeral Interactive MacFeral Interactive Linux,0.0,xXPOTATOSLADXx
Dennaton Games,2.0,princemart
United Front Games,0.0,eileen007
United Front Games,1.0,therestisnoise
Fatshark,2.0,WolfgangKillDemAll
Muse Games,2.0,76561198043392285
Monolith,2.0,-PRoSlayeR-
Larian Studios,1.0,76561198043664811
Arrowhead Game Studios,2.0,StayMad
Larian Studios,2.0,Astrona
Ubisoft  San Francisco,0.0,Bonk_Boy
Ubisoft  San Francisco,2.0,76561198047679159
Running With Scissors,0.0,76561198047693993
Codemasters Birmingham,2.0,youdienow
Daedalic Entertainment,0.0,76561198050506383
Camel LLC,2.0,Cleze
Reloaded Productions,1.0,Akko6288
Stainless Games,1.0,BecHyIIIka
Team Digital Ltd,2.0,sschuarmatt
Positech Games,0.0,76561198054027097
Digital Reality,0.0,shiinaakashi
Ankama,0.0,76561198056640962
Neko Entertainment,0.0,JugglerShang
Bohemia Interactive,0.0,JugglerShang
Acquire,2.0,76561198057276193
Acquire,0.0,76561198058697824
Acquire,2.0,Sly_Elf
Treyarch,2.0,76561198060545297
United Front Games,2.0,76561198060545297
United Front Games,0.0,76561198060545297
Codemasters Birmingham,1.0,IYITHEBOY
United Front Games,2.0,76561198061315361
Codemasters Birmingham,2.0,SethSentry
Codemasters Birmingham,0.0,76561198064948275
Codemasters Birmingham,2.0,76561198064985698
Codemasters Birmingham,2.0,tadlicated
Ideal Games,2.0,tadlicated
IoInteractive AS,2.0,76561198067997800
IoInteractive AS,2.0,76561198068620780
IoInteractive AS,2.0,NeoZenith1
IoInteractive AS,1.0,NeoZenith1
IoInteractive AS,2.0,ThomWin
IoInteractive AS,2.0,shialebeoufmeme
The Sims Studio,2.0,Katzieon
The Sims Studio,1.0,dmitry_who
The Sims Studio,2.0,76561198070651185
Stainless Games,2.0,76561198070698244
Stainless Games,0.0,76561198070894525
Stainless Games,1.0,76561198071755703
Stainless Games,0.0,76561198071901614
Team Digital Ltd,1.0,76561198071901614
Dovetail Games,0.0,pnktoud
IonFx,0.0,sparksflynn
Curve Studios,2.0,sparksflynn
Core Design,2.0,Get_SiCkled
Curve Studios,0.0,softchippi
SimBin Studios AB,1.0,youngbenaffleck
NV Games,0.0,TheNotPlaying
KING Art,2.0,76561198076735654
Wormwood Studios,0.0,76561198077524144
Zeal Game Studio,2.0,76561198077818232
Zeal Game Studio,1.0,Luccyous
NEXON Korea Corp,2.0,75791513
Spry Fox LLC,0.0,76561198079355713
Crystal Dynamics,2.0,therealsupah
Crystal Dynamics,1.0,dratini147
Crystal Dynamics,1.0,BigAndySon
Digital Train Model,1.0,76561198080270958
Reality Pump,2.0,76561198081155725
Ubisoft Montreal,1.0,trolololololololololohehelolol
Gaming Minds,2.0,dizzy_zane
Ubisoft  San Francisco,0.0,76561198082823023
Daedalic Entertainment,1.0,whydafaqareyoustalkingme
Ubisoft  San Francisco,0.0,76561198083368303
SEGA,0.0,ramjamslam
Thomson Interactive,2.0,scarfacejoe10
Mind Over Matter Studios,2.0,Fikolius
Paradox Development Studio,1.0,76561198089026473
Paradox Development Studio,2.0,marikoelquelolea
id Software,2.0,MalignusBR
Haemimont GamesFeral Interactive Mac,0.0,JonesD2017
Ubisoft  San Francisco,0.0,Shadowcyhte
Ubisoft  San Francisco,0.0,LonTheDarkGamer
Ubisoft  San Francisco,2.0,MagmaCIaw
Ubisoft  San Francisco,2.0,-Ultrix
Ascaron,2.0,isse7enfold5
Dovetail Games,0.0,76561198095928099
Cipher Prime Studios,1.0,76561198095928099
MumboJumbo,2.0,HarrisonDealSteam
Codemasters Birmingham,2.0,amillionlemons
Codemasters Birmingham,2.0,amillionlemons
DnS Development,2.0,76561198097768337
Codemasters Birmingham,2.0,MsVen
Team Digital Ltd,1.0,MsVen
Dovetail Games,0.0,76561198099852870
Subatomic Studios LLC,1.0,rexsniper
Studio X Labs,0.0,76561198100529585
Ironclad GamesStardock Entertainment,2.0,Axys79
Positech Games,1.0,PulpCraft
Ubisoft  San Francisco,2.0,76561198106568060
Mind Over Matter Studios,1.0,memesfrescas
The Farm ,0.0,TheJewsDidNineEleven
Gearbox SoftwareAspyr Mac amp Linux,1.0,moruera
Gearbox SoftwareAspyr Mac amp Linux,2.0,moruera
Apus SoftwareThree Donkeys LLC,0.0,76561198125270928
Gearbox SoftwareAspyr Mac amp Linux,0.0,76561198125270928
Gearbox SoftwareAspyr Mac amp Linux,0.0,SomeRandomCarrot
Gearbox SoftwareAspyr Mac amp Linux,2.0,76561198127058661
Gearbox SoftwareAspyr Mac amp Linux,2.0,geekmannerd
Born Ready Games Ltd,2.0,76561198133180878
Born Ready Games Ltd,2.0,42456
Double Fine Productions,2.0,thisisatrash
NAMCO,2.0,valinorau
Dennaton Games,0.0,imakeclocks
Ninja Theory,0.0,76561198208704549
Hidden Path Entertainment Inc,0.0,MeloncraftLP
