title,release_date,recommend,user_id
Lost Summoner Kitty,2018-01-04,True,Wackky
Ironbound,2018-01-04,True,kevinator23
Real Pool D  Poolians,2017-07-24,True,Lord_Exploit
Battle Royale Trainer,2018-01-04,True,2768820078
SNOW  All Access Pro Pass,2018-01-04,True,1337lolroflmao
SNOW  All Access Legend Pass,2018-01-04,False,Mastic
Army of Tentacles Not A Cthulhu Dating Sim Black GOAT of the Woods Edition,2018-01-04,True,Mastic
Beach Rules,2018-01-04,True,76561198104393251
Planetarium   Zen Odyssey,2018-01-03,True,H1DD3NT3RR0R
The first thrust of God,2018-01-03,True,H1DD3NT3RR0R
SNOW  Starter Pack,2018-01-03,True,pikawuu2
The first thrust of God  All Aircrafts,2018-01-03,True,76561198145436942
SNOW  Lifetime Pack,2018-01-03,False,Forty-Nine
The Warrior Of Treasures,2018-01-03,False,750805
RC Plane   Canyon Scenario,2017-12-22,False,750805
RC Plane   FB,2017-12-23,False,76561198054465623
DinoBlaster,2018-01-03,False,76561198074323290
Carmageddon Max Pack,1997-06-30,False,76561198003056556
HalfLife,1998-11-08,False,AMV72
Fallen Mage,2016-11-25,False,76561198039441595
Vaporwave Simulator,2018-01-01,True,armouredmarshmallow
Bitcoin Clicker,2018-01-01,True,armouredmarshmallow
Disciples II Galleans Return,2006-07-06,True,armouredmarshmallow
Disciples II Rise of the Elves,2006-07-06,True,armouredmarshmallow
The Ship Murder Party,2006-07-11,True,Astrelt
Souland,2017-12-29,True,76561198056980314
TAROTICA VOO DOO,2017-12-29,True,76561198057389499
Chronicles of Vinland,2017-12-29,False,76561198030735076
Orbitality,2017-12-29,True,Bonesdontrattlethem
Atomic Adam Episode ,2017-12-30,True,76561198062403736
Advent Rising,2005-08-09,True,hididdlyhoe
DEFCON,2006-09-29,True,dicksoutforboromir
The Ship Single Player,2006-11-20,True,ByzGirl
Garrys Mod,2006-11-29,True,calii
RACE  The WTCC Game,2006-11-24,False,76561198058842042
Zen of Sudoku,2006-12-14,True,Axzothrift
Gumboy  Crazy Adventures,2006-12-19,True,chidvd
Ghost Master,2003-08-23,True,SmeshDoge
Vegas Make It Big,2006-12-21,True,harrisonnorris
Dreamfall The Longest Journey,2006-04-17,True,76561198142474106
FlatOut ,2006-08-01,True,ciborg2000
FlatOut,2005-07-12,True,Norf_Norf
Lost Planet Extreme Condition,2007-06-26,True,Norf_Norf
CivCity Rome,2006-07-24,True,Norf_Norf
Arx Fatalis,2002-11-12,True,Norf_Norf
The Longest Journey,2000-11-17,True,Norf_Norf
Civilization IV Warlords,2006-07-24,True,Norf_Norf
Railroad Tycoon ,2003-10-23,True,Norf_Norf
Sid Meiers Railroads,2006-10-16,False,76561198041840982
Railroad Tycoon II Platinum,1998-10-31,False,76561198126142125
XCOM Terror From the Deep,1995-04-01,True,cruzercru
Tomb Raider Anniversary,2007-06-05,True,76561198044594262
Devil May Cry  Special Edition,2006-05-23,True,blablabla174
Sam amp Max  Culture Shock,2006-10-17,True,digfernandes
Final DOOM,1996-06-17,True,digfernandes
Sam amp Max  Situation Comedy,2006-12-20,True,DrVendax
Ultimate Doom,1995-04-30,True,DrVendax
Master Levels for Doom II,1995-06-01,True,XavvPlays
DOOM II,1994-05-05,True,76561198103524411
Wolfenstein D,1994-08-03,True,izumireina
Return to Castle Wolfenstein,2001-11-20,True,BajanCanidian
QUAKE Mission Pack  Scourge of Armagon,1997-02-28,True,Fluphy_
Spear of Destiny,1993-10-10,True,Frankaloons
BloodRayne,2003-09-09,True,idsoftwaresquake
QUAKE Mission Pack  Dissolution of Eternity,2007-08-03,False,Gterrestrial
QUAKE,2007-05-31,True,Halio99
Genesis Rising,2007-03-20,False,DeliciousPuddin
Warhammer  Dawn of War  Winter Assault,2006-01-01,False,harrylolman
BioShock,2007-08-21,True,fil96
Warhammer  Dawn of War  Game of the Year Edition,2006-01-01,True,TDOJ3DTDO
Warhammer  Dawn of War  Dark Crusade,2006-10-09,True,Hollowfun
Rome Total War  Collection,2004-09-22,True,IrishNZ
Rome Total War  Alexander,2006-06-26,True,tickets845
Mystery Case Files Madame Fate,2007-12-14,False,Infinitespeed
Manhunt,2004-04-20,True,76561198088860621
Midnight Club ,2003-07-01,True,ironcass
Max Payne  The Fall of Max Payne,2003-10-14,True,ironcass
Tomb Raider Legend,2006-04-07,True,ironcass
Max Payne,2001-07-25,False,ironcass
Command amp Conquer Red Alert ,2008-10-28,True,jdrocks
PuzzleQuest Challenge of the Warlords,2007-10-10,True,xexilex
Culpa Innata,2007-10-23,True,aligindahousebabykosha
Prison Tycoon  Lockdown,2007-08-01,True,1234567io9872345678765432
Hunting Unlimited ,2007-09-01,True,1234567io9872345678765432
 Wheels of Steel American Long Haul,2007-12-03,True,1234567io9872345678765432
Conflict Denied Ops,2008-02-08,True,JunG00berfuckingsucks
ARMA Combat Operations,2007-05-08,True,Justmatel
Desperados  Coopers Revenge,2006-05-02,True,76561198075749223
Death to Spies,2007-10-16,True,Snoresville
Act of War High Treason,2006-05-30,True,76561198055670224
RollerCoaster Tycoon  Platinum,2006-10-26,True,76561198055670224
Act of War Direct Action,2005-03-14,True,76561198055670224
Unreal  The Awakening,2003-02-03,True,76561198080125105
Unreal Gold,1998-04-30,True,Lickidactyl
Ninja Reflex Steamworks Edition,2008-03-21,False,linksupersayan
Tom Clancys Splinter Cell,2003-02-18,False,dietrich1998
Far Cry,2004-03-23,True,companothemuslim
Unreal Tournament Game of the Year Edition,2000-10-25,True,76561198095766418
Tom Clancys Rainbow Six Vegas,2006-12-12,False,G0LDENGUNNER
Silent Hunter III,2005-03-15,True,76561198063274178
Virtual Villagers  The Secret City,2008-05-28,True,76561198063274178
Mystery PI  The Vegas Heist,2008-06-04,True,76561198063274178
Luxor,2008-06-10,False,SpecGames
Reaxxion,2008-06-10,True,meeeedie
Little Farm,2008-06-10,True,tehbluscoot
 Wonders II,2008-06-10,False,tehbluscoot
Luxor Amun Rising,2005-12-08,True,stealthysteve
Luxor ,2007-11-13,False,stealthysteve
Petz Horsez ,2007-11-13,True,SwinburnCyphenMisslemike
Luxor ,2005-12-08,True,76561198101552611
Rayman Raving Rabbids,2007-03-27,True,76561198095856407
Silent Hunter Wolves of the Pacific,2007-03-20,True,whiteruby3
IL Sturmovik ,2006-12-15,True,MrPickle255
Silent Hunter Wolves of the Pacific UBoat Missions,2008-03-24,True,mwanan
Bone Out From Boneville,2005-09-15,True,76561198012741239
Midnight Outlaw  Hours to SunUp,2005-07-02,True,PiozZ
Bone The Great Cow Race,2006-04-12,False,PandaCorn666
Sprint Cars Road to Knoxville,2008-07-29,False,Karetchi
Ride Carnival Tycoon,2007-07-02,True,76561198068217106
Mahjongg Investigations Under Suspicion,2007-08-08,True,76561198068217106
Dracula Origin,2008-05-20,True,76561198067777635
Sherlock Holmes  Nemesis,2008-04-14,False,76561198002151678
Eternitys Child,2008-07-31,True,76561198002151678
Pacific Storm Allies,2007-05-25,False,76561198089541911
Tank Universal,2008-08-21,True,76561198089541911
FlatOut Ultimate Carnage,2008-08-19,True,76561198102977568
Oddworld Abes Exoddus,1998-11-17,True,Ravironio
Oddworld Abes Oddysee,1997-12-12,True,Revan_Aldrei
GTR Evolution Expansion Pack for RACE ,2008-09-01,True,Revan_Aldrei
XCOM Enforcer,2001-04-19,True,Revan_Aldrei
XCOM Apocalypse,1997-07-15,True,Revan_Aldrei
XCOM UFO Defense,1993-12-31,True,Revan_Aldrei
STALKER Clear Sky,2008-09-15,True,Revan_Aldrei
Crysis Warhead,2008-09-17,True,Revolver_
Crysis,2007-11-13,False,Matoota
XCOM Interceptor,1998-06-15,True,76561198092310770
The Witcher Enhanced Edition Directors Cut,2008-09-16,True,76561198092310770
Multiwinia,2008-09-19,False,Sam_Slade
STCC  The Game   Expansion Pack for RACE ,2008-10-22,True,MegaMario48
Children of the Nile Alexandria,2008-08-28,True,benjamingarrison
Sid Meiers Civilization IV Colonization,2008-09-23,False,Shredderman962
Tom Clancys Rainbow Six  Gold,2003-03-18,True,Simcra
LEGO Batman,2008-09-29,True,SpiritOfDeath2
City Life ,2008-07-18,True,justthathelicopterpilot
Hinterland,2008-09-30,True,coadstar101
Brothers in Arms Hells Highway,2008-10-08,False,coadstar101
Gravitron ,2008-08-31,True,_SNS_
Xpand Rally Xtreme,2006-12-01,True,_SNS_
Heroes of Might amp Magic V Hammers of Fate,2006-11-14,True,76561198060787863
Brothers in Arms Earned in Blood,2005-10-04,True,76561198060787863
Heroes of Might amp Magic V Tribes of the East,2007-10-16,False,space_jumper
The Settlers Rise Of An Empire Gold Edition,2008-04-18,True,76561198059845244
Brain Spa,2007-09-25,True,Kaj3n
The Sum of All Fears,2002-05-31,False,ssbatt
Peggle Nights,2008-10-15,True,stinglock
World of Goo,2008-10-13,True,76561198065863302
X Terran Conflict,2008-10-16,True,76561198074373301
Mare Nostrum,2008-10-17,True,superyoshiegg
Spectraball,2008-10-20,True,76561198070346631
Galactic Bowling,2008-10-21,False,76561198015930046
Bully Scholarship Edition,2008-10-21,True,94567
Far Cry  Fortunes Edition,2008-10-22,True,TheSuccIsGudd
Space Trader Merchant Marine,2008-10-23,True,thegreatds
PRR Wagon Pack ,2009-01-01,True,theironhex
Class  London South East Jaffa Cake,2009-01-01,True,76561198046806915
ATSF Wagon Pack ,2009-01-01,True,76561198065836764
GP Union Pacific Addon Livery,2009-01-01,True,76561198066582571
UK Van Wagon Pack,2009-01-01,True,Truebro115
CSX SDMAC Addon Livery,2009-01-01,True,Truebro115
CSX ESAC Addon Livery,2009-01-01,True,Truebro115
Saints Row ,2009-01-28,True,76561198056645429
Dead Space,2008-10-20,False,swagdog69
Rise of the Argonauts,2008-12-16,True,WalrusInSpace
Mirrors Edge,2009-01-13,True,wavezero
Defense Grid The Awakening,2008-12-08,False,76561198129265482
FEAR  Project Origin,2009-02-12,True,76561198072355008
Harvest Massive Encounter,2008-03-05,True,Harrasian
Mayhem Intergalactic,2007-07-04,True,Freeballin99
Larva Mortus,2009-03-19,True,xoffy
Knights of Honor,2005-05-10,True,xoffy
Ceville,2009-02-27,True,mikeytyson
Empire Total War  Special Forces Units amp Bonus Content,2009-03-04,False,mikeytyson
Watchmen The End is Nigh,2009-03-04,True,AdonSinky
Penumbra Overture,2007-03-30,True,76561198097470405
Unreal Tournament  Black,2007-11-19,True,76561198097470405
Drakensang,2009-02-27,True,Z1_M4N
The Graveyard,2008-03-21,True,AndyIzNogud
Burnout Paradise The Ultimate Box,2009-02-03,True,76561198036810976
The Maw,2009-03-09,True,Kootrasman
The Maw River Redirect,2009-03-16,True,76561198041284313
The Maw Brute Force,2009-03-16,True,76561198038259400
Obulis,2009-03-19,False,Xalibe
Space Giraffe,2009-03-19,True,MynameisAuz
Codename Panzers  Cold War,2009-03-10,False,76561198039469366
Escape Rosecliff Island,2009-04-15,True,76561198062785129
Guild Wars Nightfall,2006-10-27,True,Uve-Seen_Nothing
Guild Wars Game of the Year Edition,2005-04-28,False,Uve-Seen_Nothing
Guild Wars Factions,2006-04-28,True,Blackboy72
Guild Wars Trilogy,2008-09-25,True,Blackboy72
Puzzle Kingdoms,2009-04-16,True,mrnuclear
Samantha Swift and the Golden Touch,2009-04-29,True,Aussiefella_69
Two Worlds Epic Edition,2009-04-30,True,shadowxlucario
Helldorado,2009-04-30,True,My_Immortal
XBlades,2009-02-10,True,76561198029589709
Zeno Clash,2009-04-21,True,MrProvidings
The Maw Speeder Lane,2009-04-29,True,MrProvidings
Kings Bounty The Legend,2008-09-23,True,MrProvidings
Virtual Families,2009-05-06,False,76561198006896411
Death Track Resurrection,2009-05-06,True,SitteNKitteNMitteN
Freedom Force vs the Third Reich,2005-03-08,True,communiggersunite
Freedom Force,2002-03-26,True,LASSO133
Light of Altair,2009-06-04,True,ryno69445
Darkest Hour Europe ,2009-06-09,False,76561198053145578
Prototype,2009-06-10,True,haoliu98
Blueberry Garden,Jun 2009,False,mr_cat
Port Royale ,2004-04-30,True,mr_cat
The Elder Scrolls IV Oblivion Game of the Year Edition,2007-09-11,False,avdl
The Elder Scrolls III Morrowind Game of the Year Edition,2002-04-29,True,AriakWolf
Ankh  Heart of Osiris,2007-05-18,True,NiceAhTNT
Armored Fist ,1999-09-01,True,ThePratama190
MiG Fulcrum,1998-09-07,True,76561198089200630
BC Kings,2008-09-15,True,76561198081631721
Call of Juarez Bound in Blood,2009-06-30,True,1800-Ricohut
Nancy Drew Legend of the Crystal Skull,2007-10-01,True,darainthebanana
Nancy Drew The Creature of Kapu Cave,2006-10-01,True,darainthebanana
Nancy Drew The Phantom of Venice,2008-07-01,True,76561198034784208
Nancy Drew The White Wolf of Icicle Creek,2007-07-01,True,fui312
BRAINPIPE A Plunge to Unhumanity,2008-12-24,False,GoodOldJacob
Tales of Monkey Island Complete Pack,2009-07-07,False,76561198080354888
Street Fighter IV,2009-07-07,True,76561198080354888
Thrillville Off the Rails,2007-10-09,True,bigfoot57
Indiana Jones and the Fate of Atlantis,1992-06-01,False,Kevin_F
Armed and Dangerous,2003-12-02,True,Kevin_F
Star Wars Battlefront  Classic ,2005-11-01,True,Blood_and_Bone
Indiana Jones and the Last Crusade,1989-07-01,False,Blood_and_Bone
LEGO Indiana Jones The Original Adventures,2008-06-03,True,bloodspilla
The Secret of Monkey Island Special Edition,2009-07-15,False,bloodspilla
Warfare,2008-11-20,True,rooneywatson
Clutch,2009-06-02,True,rooneywatson
Nancy Drew Ransom of the Seven Ships,2009-07-21,True,rooneywatson
D Ultra Minigolf Adventures,2006-12-20,True,rooneywatson
Kings Quest Collection,2006-09-01,True,76561198055117884
TimeShift,2007-10-30,True,boldboulder
Space Quest Collection,2006-09-01,True,12345678901234567890123456567890
Killing Floor Outbreak Character Pack,2009-07-24,True,SDAFAWRFGRSEG
Aces of the Galaxy,2008-06-04,True,76561198095920833
Tropico Reloaded,2009-07-24,True,Catch_Twenty_Two
Mystery PI  Lost in Los Angeles,2009-07-27,True,76561198042411838
Bionic Commando Rearmed,2008-08-14,True,76561198042411838
Bionic Commando,2009-07-28,True,SuchDogeMuchWoW
Watchmen The End is Nigh Part ,2009-07-29,True,76561198066118331
Foreign Legion Buckets of Blood,2009-08-04,True,dannysfatass
STAR WARS  Knights of the Old Republic,2003-11-19,True,76561198087135044
Osmos,2009-08-18,True,topkeklord7
Fallout  A Post Nuclear Role Playing Game,1998-12-01,True,evankohgj
Fallout Tactics Brotherhood of Steel,2001-03-01,True,chewyi
Kingpin  Life of Crime,1999-06-01,True,76561198142474106
Tales of Monkey Island Complete Pack Chapter   The Siege of Spinner Cay,2009-08-20,True,76561198051461196
Jewel Quest Pack,2009-08-24,True,PintoProAlto
Mahjong Quest Collection,2009-08-24,True,Ibukismywaifuforlaifu
Time Gentlemen Please and Ben There Dan That Special Edition  Double Pack,2009-06-22,True,chocolate-donut-king
Tom Clancys Splinter Cell Chaos Theory,2005-03-29,True,chocolate-donut-king
XIII Century  Gold Edition,2009-08-28,True,76561198064663981
World of Zoo,2009-10-30,True,curtiits
Mini Ninjas,2009-09-08,False,cybas101
Windosill,2009-05-26,False,itsdandytime
Train Simulator Colton amp Northern Route AddOn,2009-09-25,True,itsdandytime
Midnight Mysteries,2009-09-28,True,DarkKnight2599
Tales of Monkey Island Complete Pack Chapter   Lair of the Leviathan,2009-09-07,True,blablabla174
Joint Operations Combined Arms Gold,2009-08-18,True,DarthRhys
Train Simulator US Loco amp Asset Pack,2009-10-01,True,_Daughter_
DinerTown Tycoon,2009-09-30,True,deadtrooper6424
Train Simulator European Loco amp Asset Pack,2009-10-01,True,76561198037086921
Risen,2009-10-30,True,defox01
Floras Fruit Farm,2009-10-01,True,defox01
Empire Total War  The Warpath Campaign,2009-10-05,True,deynarian
Machinarium,2009-10-16,False,diabz
Medal of Honor Airborne,2007-09-04,True,Poopsnugg
Need for Speed Shift,2009-09-15,True,Poopsnugg
Torchlight,2009-10-27,True,Poopsnugg
Command amp Conquer Red Alert   Uprising,2009-03-12,False,MattBowles
The Stronghold Collection,2009-10-27,True,Dozza_The_Wozza
East India Company Privateer,2009-10-27,False,dreadedfungus
Painkiller Resurrection,2009-10-27,True,Dub5
SpellForce   Anniversary Edition,2009-10-29,True,Dub5
Secret Files Tunguska,2009-10-29,True,76561198060319088
Rush for Berlin Gold,2009-10-29,True,elgerjp
Tales of Monkey Island Complete Pack Chapter   The Trial and Execution of Guybrush Threepwood,2009-10-07,False,Enska
Men of War Red Tide,2009-11-01,True,CaptainCrytec
Hammerfight,2009-09-19,True,CaptainCrytec
SpellForce  Platinum Edition,2009-11-03,True,CaptainCrytec
Massive Assault Phantom Renaissance,2005-03-03,True,eunmac
Massive Assault,2003-10-28,False,76561197987394736
Serious Sam HD The First Encounter,2009-11-24,True,FestiveDuckGaming
Secret Files  Puritas Cordis,2009-10-29,True,firnin_hanks
Dragon Age Origins,2009-11-06,True,Ni7rogen
Aztaka,2009-05-07,True,Sickunt123
Magnetis,2009-11-05,False,serafiki
For The Glory A Europa Universalis Game,2009-11-11,True,serafiki
Call of Duty Modern Warfare ,2009-11-12,True,serafiki
LEGO Star Wars  The Complete Saga,2009-11-12,True,gabbler123
Overlord,2007-06-26,True,76561198152535010
Overlord Raising Hell,2008-02-15,False,76561198067309171
Command amp Conquer  Tiberium Wars,2007-03-28,True,76561198067309171
Yumsters  Around the World,2008-07-23,True,geoskio
Command amp Conquer  Kanes Wrath,2009-11-13,True,76561198134334226
Gratuitous Space Battles,2009-11-16,True,GLADTOHELP
Wings of Prey,2009-12-25,True,76561198077294556
The Bards Tale,2005-06-17,False,76561198057970914
Defence Alliance ,2009-10-22,True,Vyndoril
STAR WARS  The Force Unleashed Ultimate Sith Edition,2009-11-03,False,Rotomaniac
Fallout  Game of the Year Edition,2009-10-13,True,Rotomaniac
Gratuitous Space Battles The Tribe,2009-12-16,True,76561198065084226
BuildALot,2007-10-02,True,imsodonionringsrightnow
BuildALot  Town of the Year,2008-04-29,True,imsodonionringsrightnow
BuildALot  Passport to Europe,2009-01-24,True,CUSTOM666
Coconut Queen,2009-12-17,True,76561198104428121
Roogoo,2009-12-17,True,76561198058405866
Devil May Cry ,2008-07-08,True,76561198077102914
Avencast Rise of the Mage,2010-03-17,True,76561198044032335
BuildALot  Power Source,2009-08-12,True,76561198044032335
Pirates Vikings and Knights II,2010-02-12,True,76561198058562728
Farm Frenzy ,2008-08-27,True,SaladsByAinsley
Farm Frenzy  American Pie,2010-01-06,True,Outsider
Farm Frenzy ,2009-09-11,True,Outsider
Farm Frenzy,2007-12-07,False,mrawesome99128
Farm Frenzy Pizza Party,2009-02-18,True,mrawesome99128
Cake Mania Main Street,2010-02-16,True,76561198079366509
Westward IV All Aboard,2010-02-16,True,YouWannaFuckingGoM99
Iron Roses,2010-02-16,True,haloslayer1
UFO Extraterrestrials Gold,2010-02-17,True,HubDubs
LEGO Indiana Jones  The Adventure Continues,2010-02-18,True,HubDubs
Super Laser  Racer,2010-02-18,True,Deepadeep
Hearts of Iron III Soviet Infantry Pack DLC,2010-02-18,True,duckonthetruck
NecroVisioN Lost Company,2010-02-19,True,JayKayGray
Cradle of Persia,2007-12-01,True,76561198080526242
Aliens vs Predator Swarm Map Pack,2010-03-18,False,76561198103371005
Serious Sam Classic The First Encounter,2001-03-21,True,76561198103371005
Train Simulator Fort Kent to Eagle Lake Route AddOn,2010-03-19,True,76561198092221837
Mount amp Blade Warband,2010-03-31,True,miochandesu
Coniclysm,2010-03-26,True,Thenormalvietnamese
Plain Sight,2010-04-05,True,Thenormalvietnamese
Lead and Gold Gangs of the Wild West,2010-04-08,True,adamkupou
Grand Theft Auto Episodes from Liberty City,2010-04-12,True,ironcass
Dark Void Zero,2010-04-12,True,ironcass
Fortix,2010-04-14,True,ironcass
Beat Hazard,2010-04-15,False,ironcass
Sam amp Max The Devils Playhouse,2010-04-15,False,jgbergmen
MUD TV,2010-04-19,True,Jacab
Wings of Luftwaffe Addon,2010-04-19,True,bobofofo
The Misadventures of PB Winterbottom,2010-04-20,True,bobofofo
AquaNox  Revelation,2003-08-19,True,james815
AquaNox,2001-11-30,True,Bigzy
Fluttabyes,2010-04-20,True,76561198075863151
Hidden Expedition Titanic,2006-07-19,True,dontgetmemed
Hidden Expedition Amazon,2008-06-19,True,dontgetmemed
Napoleon Total War  Coalition Battle Pack,2010-05-05,True,76561198097172610
Fitness Dash,2008-12-31,True,Lunaii
Gemini Lost,2009-09-24,True,Lunaii
DinerTown Detective Agency,2009-07-27,True,Lunaii
Hotel Dash Suite Success,2009-12-24,True,Lunaii
Nightshift Legacy The Jaguars Eye,2010-03-19,True,76561198043130826
The Nightshift Code,2008-02-11,True,76561198043130826
TriJinx A Kristine Kross Mystery,2007-12-31,True,dzakuan
Valerie Porter and the Scarlet Scandal,2009-12-21,True,Joshycraft
Biozone,2010-05-07,True,Justmatel
Rocket Knight,2010-05-11,True,9683n
Flight of the Icarus,2010-05-12,True,kcharding
Puzzler World,2010-05-28,True,keoul
Prince of Persia The Forgotten Sands Digital Deluxe Edition,2010-06-08,True,jet14
Ziro,2010-05-28,True,jet14
Altered Beast,2010-06-01,True,jet14
Comix Zone,2010-06-01,True,jet14
SEGA Mega Drive and Genesis Classics,2010-06-01,True,jet14
Golden Axe,2010-06-01,True,JohnnyMcShitty
Ecco the Dolphin,2010-06-01,True,lozone
Gain Ground,2010-06-01,False,larrythebrony
Shinobi III Return of the Ninja Master,2010-06-01,True,larrythebrony
Crack Down,2010-06-01,True,larrythebrony
VectorMan,2010-06-01,False,lasati
Shadow Dancer,2010-06-01,True,lelvis
Space Harrier II,2010-06-01,True,sIuttrak
Alien Breed Impact,2010-06-03,True,Vucki
Fallout   Point Lookout,2010-07-16,True,LudiAU
Defense Grid Resurgence Map Pack ,2010-06-02,False,76561198024566463
Fallout   Mothership Zeta,2010-07-16,True,rollhack
Fallout   Broken Steel,2010-07-16,True,MAC_CAB
Fallout   The Pitt,2010-07-16,True,76561198074177617
Alien Swarm,2010-07-19,True,MatthewW7
Fallout   Operation Anchorage,2010-07-16,False,76561198027193755
SimCity  Deluxe Edition,2003-09-22,True,obeseninja27
Disciples III  Renaissance Steam Special Edition,2010-07-16,True,wearethechampionsmyfriend
Tidalis,2010-07-16,True,lolijuygter
Razor Hidden Skies,2010-07-19,True,anthMC
The Settlers  Uncharted Land Map Pack,2010-07-21,True,anthMC
Dimensity,2008-12-08,False,76561198061039342
Kane amp Lynch  Dog Days,2010-08-17,True,76561198061039342
The Guild II Renaissance,2010-07-28,True,76561198061039342
Hearts of Iron III DLC German II Spritepack,2010-07-26,True,76561198079882851
Trainz Simulator DLC Blue Comet,2010-08-06,True,76561198052118118
Fantasy Wars,2010-08-06,True,Mozness
Mafia II,2011-03-22,True,76561197995905411
Train Simulator Network Southeast Class  Loco AddOn,2010-08-06,True,mresprofile
Puzzle Quest ,2010-08-12,True,Murdocgreenskin
Burn Zombie Burn,2010-08-12,True,Murix
Madballs BDI Clan Skins,2010-08-16,True,mutatedwombat
Madballs Scorched Evolution Skin Rollup,2010-08-16,True,NanoPi
Madballs BDI Evolution Skin Rollup,2010-08-16,True,NanoPi
Madballs Holiday Skin Rollup,2010-08-16,False,sheshenus
Victoria I Complete,2010-08-20,True,QuenchingAlarm1
Ship Simulator Extremes,2010-08-27,True,ustupit
Worms Reloaded,2010-08-26,True,76561198088807138
Making History II The War of the World,2010-06-22,True,SenorcThePie
Arma  British Armed Forces,2010-08-27,True,pleaseendmyfuckingsufferingcyka
Victoria II,2010-08-30,True,pleaseendmyfuckingsufferingcyka
Madballs Scorched Clan Skins,2010-08-16,True,76561198085457850
Kane amp Lynch  The Doggie Bag,2010-08-31,True,76561198085457850
Kane amp Lynch  Multiplayer Masks Pack,2010-08-31,True,76561198080947173
Trainz Classic Cabon City,2010-09-01,True,76561198081848869
Kane amp Lynch  Alliance Weapon Pack,2010-08-31,True,76561198081848869
Cossacks Back to War,2002-11-01,True,76561198029634836
Broken Sword Directors Cut,2010-09-02,True,Capscain
Chime,2010-09-06,False,76561198004669632
Mafia II DLC Jimmys Vendetta,2010-09-06,True,deathtotraitors777
Sniper Ghost Warrior  Map Pack,2010-09-08,True,anpepo
VVVVVV,2010-09-07,True,76561198093156182
The Settlers  Conquest  The Empire Expansion DLC,2010-09-08,False,76561198043880297
Amnesia The Dark Descent,2010-09-08,True,piedude
Recettear An Item Shops Tale,2010-09-10,True,honkychonky
Swarm Arena,2010-08-19,False,honkychonky
Super Thunder Blade,2010-09-13,True,honkychonky
Galaxy Force II,2010-09-13,True,76561198107093846
Hacker Evolution,2010-09-14,True,pizzadude04
Hacker Evolution Untold,2010-09-14,True,76561198044367162
Faerie Solitaire,2010-09-17,True,POKESTEAM
Patrician IV  Steam Special Edition,2010-09-17,False,some_sorta_pie
Bonanza Bros,2010-09-13,True,FabRainbro
Kings Bounty Crossworlds,2010-09-17,False,LordRascus
Train Simulator Green amp Gold HST DMU AddOn,2010-09-17,False,kayrom
Sid Meiers Civilization V,2010-09-21,True,Rhyzak
Commander Conquest of the Americas  Colonial Navy,2010-09-21,True,Rubbercube
Serious Sam Classic The Second Encounter,2002-02-05,False,Rubbercube
Star Ruler,2010-09-20,True,Rubbercube
Blade Kitten,2010-09-22,False,Rubbercube
Alien Breed  Assault,2010-09-22,True,xdangerouscereallyx
Darksiders,2010-09-23,True,sanaret
X Beyond the Frontier,1999-07-01,True,Sansomar
The Kings Crusade,2010-10-08,True,76561198081934209
Guild Wars Eye of the North,2007-08-31,False,p893629682
X Tension,2000-06-01,True,SergeantMason
Age of Wonders II The Wizards Throne,Oct 2010,True,SergeantMason
Governor of Poker ,2010-10-11,True,1stpionpaul
Governor of Poker   Premium Edition,2010-10-11,False,seveneightnine
Age of Wonders Shadow Magic,Oct 2010,False,Shredderman962
Age of Wonders,Oct 2010,True,Silverimate47
Medal of Honor,2010-10-12,True,whisperrrrrrr
Grotesque Tactics Evil Heroes,2010-10-15,False,SirexPower
Lost Planet ,2010-10-15,False,SirexPower
Doc Clock The Toasted Sandwich of Time,2010-10-15,False,SirexPower
Fallout New Vegas,2010-10-19,True,Skippy333
The Polynomial  Space of the music,2010-10-15,True,5400540054005400
Puzzle Bots,2010-10-22,True,SneakyPete9
Nimbus,2010-10-25,True,Variun
Civilization V  Babylon Nebuchadnezzar II,2010-10-25,True,SULL3H
DeathSpank,2010-10-25,False,76561198033982370
Virtua Fighter ,2010-10-26,True,76561198080103160
Columns III,2010-10-26,True,sprayer1706
Sword of Vermilion,2010-10-26,True,76561198061268926
Golden Axe II,2010-10-26,True,76561198070346631
Sonic The Hedgehog,2010-10-26,False,76561198057451875
Ecco The Tides of Time,2010-10-26,False,76561198073446384
BioHazard Battle,2010-10-26,False,76561198073446384
Alien Storm,2010-10-26,True,the_mad_doctor123
Shank,2010-10-25,True,Tomsen1
The Ball,2010-10-26,True,LecXii
STAR WARS The Force Unleashed II,2010-10-26,True,TheSuccIsGudd
Flight Control HD,2010-11-18,True,Smeegan
Patrician III,2010-11-18,False,Smeegan
BITTRIP BEAT,2010-11-02,False,76561198051772381
Theatre of War   Battle for Caen,2010-11-02,True,TheJordanSixFifty
Woody TwoLegs Attack of the Zombie Pirates,2010-11-02,True,ThereSheBlows
Clones,2010-11-18,True,thrillder
Victoria II Interwar Spritepack,2010-11-02,True,76561198062267241
Front Mission Evolved Wanzer Pack ,2010-11-02,True,timasaurus
Pound of Ground,2010-11-05,True,gayanimeguy
Pat amp Mat,2009-10-01,True,TomThehTmoT
Alternativa,2010-11-03,True,TomThehTmoT
Fish Fillets ,2007-04-05,False,76561198045771425
Archon Classic,2010-11-02,True,76561197992809369
Call of Duty Black Ops,2010-11-09,True,76561198069824038
Rhythm Zone Tornado Visualizer DLC,2010-11-09,True,Tudah
Oddworld Munchs Oddysee,2010-12-20,True,Tudah
Rhythm Zone DJ Table Visualizer DLC,2010-11-09,True,Tudah
Oddworld Strangers Wrath HD,2010-12-20,True,Tunnocks
Clickr,2010-12-23,True,76561198120479313
Back to the Future The Game,2010-12-23,True,ceruleansketchcat
Grand Theft Auto III,2002-05-21,False,76561198149939310
Grand Theft Auto San Andreas,2005-06-06,False,falfouchinskaia
Lara Croft GoL Raziel and Kain Character Pack,2011-01-07,False,valvoman
Lara Croft GoL Things that Go Boom  Challenge Pack ,2011-01-07,True,bongsweremadebybongocomics
Lara Croft GoL Hazardous Reunion  Challenge Pack ,2011-01-07,True,76561198066004879
Lara Croft GoL All the Trappings  Challenge Pack ,2011-01-07,True,vengerfire
Grand Theft Auto Vice City,2003-05-13,True,76561197971285616
Zeit,2011-01-12,False,76561197976177356
ARES Extinction Agenda,2011-01-20,True,_Enlightenment_
APOX,2011-01-20,True,dontdisturbthecoffee
Dead Space ,2011-01-25,True,76561198074076427
Drawn The Painted Tower,2011-01-19,False,thombelcar
Kaptain Brawe A Brawe New World,2011-01-20,True,thombelcar
Monday Night Combat,2011-01-24,True,thombelcar
Luxor th Passage,2011-01-25,True,37755753
Alien Soldier,2011-01-26,True,37755753
Shining in the Darkness,2011-01-26,True,37755753
Light Crusader,2011-01-26,True,37755753
Landstalker The Treasures of King Nole,2011-01-26,True,37755753
Gunstar Heroes,2011-01-26,True,76561198042666584
ToeJam amp Earl,2011-01-26,True,vxwolf368
Streets of Rage ,2011-01-26,False,Foxxy346
Sonic The Hedgehog ,2011-01-26,False,Foxxy346
Streets of Rage,2011-01-26,True,subsonicsnigger
Shining Force II,2011-01-26,True,Helpsme
Shining Force,2011-01-26,False,76561198090018608
The Sims ,2009-06-02,False,76561198036077253
Ship Simulator Extremes Sigita Pack,2011-01-26,True,76561198072355008
The Sims  Fast Lane Stuff,2010-09-07,False,wilsonufs
The Sims  Late Night,2010-10-26,False,carterbegrie
The Sims  Ambitions,2010-06-02,True,yungwarez
The Sims  HighEnd Loft Stuff,2010-02-02,False,xhog
Trino,2011-01-27,True,xJerkensteinx
Mishap  An Intentional Haunting  Collectors Edition,2011-01-28,False,YoloGhost
The Sims  Outdoor Living Stuff,2011-02-01,False,76561198018469813
Whos That Flying,2011-01-31,True,maibiglargebuttocks
Myst Masterpiece Edition,2011-02-02,True,ZONEcold
Guardians of Graxia Elves amp Dwarves,2011-02-01,True,MyZan1ty
Two Worlds II HD,2011-02-03,True,JyizerHD
Test Drive Unlimited ,Feb 2011,True,Tydirium_762
King Arthur The Druids,2011-02-03,True,pootispentry
Gratuitous Space Battles Galactic Conquest,2011-02-11,True,y__tho
The Kings Crusade New Allies,2011-02-09,True,SuperSalter3000
DUNGEONS  Steam Special Edition,2011-02-10,True,SuperSalter3000
AI War Light of the Spire,2011-02-14,False,hentai_overlord
Drakensang The River of Time,2011-01-11,True,The_Eyepatch
RISK Factions,2011-03-08,True,76561198014210785
Crazy Machines  Time Travel AddOn,2011-03-11,False,archy18
BITTRIP RUNNER,2011-02-28,True,Wangachung
Homefront,2011-03-14,True,mark3888
Fate of the World,2011-02-28,True,mark3888
BUTTON Brutally Unfair Tactics Totally OK Now,2011-02-28,True,mark3888
Warhammer  Dawn of War II  Retribution Ork Race Pack,2011-02-28,True,76561198097177685
Warhammer  Dawn of War II  Retribution Imperial Guard Race Pack,2011-02-28,True,JiAltair
Warhammer  Dawn of War II  Retribution Eldar Race Pack,2011-02-28,True,juzzfuzz
Warhammer  Dawn of War II  Retribution Chaos Space Marines Race Pack,2011-02-28,True,76561198049524520
RIFT,2013-10-24,False,Rawex
Warhammer  Dawn of War II Retribution,2011-02-28,True,Rawex
Dinner Date,2011-03-01,True,Rawex
Warhammer  Dawn of War II  Retribution Space Marines Race Pack,2011-02-28,True,northisbae
Shadow Harvest Phantom Ops,2011-04-05,True,76561198080157237
Cities in Motion Design Classics,2011-04-05,True,lambofreak4ever
Ship Simulator Extremes Ferry Pack,2011-04-05,False,Dankulicious
Warhammer  Dawn of War II Retribution Dark Angels Pack,2011-04-06,True,KingBlobfish
STCC The Game   Expansion Pack for RACE ,2011-04-08,False,KingBlobfish
Anomaly Warzone Earth,2011-04-08,True,movienationscom
Armada ,2010-06-10,True,movienationscom
Darkest Hour A Hearts of Iron Game,2011-04-08,True,X-Evolution
Dungeons Into the Dark DLC Pack,2011-04-11,True,MladshiyLlama
Dino DDay,2011-04-08,True,76561198077295459
Patrician IV Rise of a Dynasty,2011-04-11,False,dalebaxter
Portal ,2011-04-18,True,76561198101093216
Magicka Vietnam,2011-04-12,True,76561198101093216
Sanctum,2011-04-15,True,QuirkyChicken
Majesty  Collection,2011-04-19,True,_steelphantom
Warhammer  Dawn of War II  Retribution  Mekboy Wargear DLC,2011-05-26,True,AquilliusRanger
Dawn of War II Retribution  The Last Stand,2011-04-20,True,Slavishbear
Warhammer  Dawn of War II  Retribution  Farseer Wargear DLC,2011-05-26,True,Slavishbear
Frozen Synapse,2011-05-26,True,76561198092674729
Warhammer  Dawn of War II Retribution  Captain Wargear DLC,2011-05-26,True,itsaprofileaboutnothing
Hunted The Demons Forge,2011-05-30,True,me11111111
Hamiltons Great Adventure,2011-05-31,True,fab2cent
The Sims  Generations,2011-05-31,True,daboiz
Cities in Motion Tokyo,2011-05-31,False,76561198052612696
Magicka Nippon,2011-05-31,True,neadekvat161
Ghostbusters Sanctum of Slime Challenge Pack DLC,2011-06-01,True,overwatchmemelord
Still Life ,2009-08-10,True,765611983889673
Still Life,2005-06-06,True,Pikachu_LOL
Call of Duty Black Ops Escalation Content Pack,2011-06-02,True,Nanaya_Shiki
Dungeon Siege III,2011-06-20,True,76561198044577103
AVA Alliance of Valiant Arms,2011-06-14,True,76561198045400287
Champions Online,2009-09-01,True,76561198066084176
Spectromancer  Truth amp Beauty,2011-06-13,True,76561198066084176
Cities in Motion Design Now,2011-06-14,False,spudgee
Two Worlds II Castle Defense,2011-06-14,False,CalvinHazard
The Cat and the Coup,2011-06-15,True,mopkap
Magic The Gathering  Duels of the Planeswalkers ,2011-06-15,False,loadsamoney
Ancients of Ooga,2011-05-20,False,loadsamoney
Beat Hazard Ultra,2011-06-16,False,loadsamoney
Frozen Synapse Soundtrack,2011-06-16,False,loadsamoney
Solar ,2011-06-17,False,loadsamoney
Ironclads Schleswig War ,2011-06-21,True,loadsamoney
Ironclads Anglo Russian War ,2011-06-21,True,Hati_Hati_Hati_Hati_Hati_Hati
Magicka Final Frontier,2011-06-21,False,76561198157640176
Ironclads Chincha Islands War ,2011-06-21,True,76561198157640176
FEAR ,2011-06-21,True,deatheffekt
Magicka Frozen Lake,2011-06-21,True,reflexaus
Magicka The Watchtower,2011-06-21,True,reflexaus
Trainz Simulator DLC The Duchess,2011-06-22,True,123joshua321
Magicka Party Robes,2011-06-21,False,76561198019231133
Europa Universalis III Western  AD  Spritepack,2011-06-23,True,DMbug
Dungeons and Dragons Daggerdale,2011-06-24,True,76561198079298522
RETRO  Expansion Pack for RACE ,2011-06-23,True,aamonrai132
Farming Simulator  Equipment Pack ,2011-06-24,True,r34d_4nd_w33p
Europa Universalis III Eastern  AD  Spritepack,2011-06-23,True,Lolicon_Banzai
Hearts of Iron III For the Motherland,2011-06-28,True,KentuckyFriedSpy
Worms Reloaded Puzzle Pack,2011-06-30,True,WhiteAfrican
Worms Reloaded Retro Pack,2011-06-30,True,TheOnlyT6
Worms Reloaded Time Attack Pack,2011-06-30,True,alexisacoolhuman
Dungeons Map Pack DLC,2011-07-01,True,AlanJack102
Worms Reloaded Forts Pack,2011-06-30,True,TwoPixel
Puzzle Agent ,2011-06-30,True,amr_
Killing Floor Steampunk Character Pack,2011-07-02,True,76561198067361221
Pride of Nations SpanishAmerican War ,2011-07-18,True,Anywher
Tobes Vertical Adventure,2011-07-18,True,EGGSaus
Fallout New Vegas Old World Blues,2011-07-18,True,aperture_sandvich
Warhammer  Dawn of War II Retribution  Ulthwe Wargear DLC,2011-07-19,True,whafam
Lucid,2011-07-19,True,Archimedesthemagicalbird
Train Simulator BR Class  CIG Loco,2011-07-19,True,76561198040257934
Homefront Express  Shotgun,2011-07-21,True,arthur-dent
Runespell Overture,2011-07-20,True,AsherFatin
Men of War Assault Squad  Skirmish Pack,2011-07-21,True,09879655452567
Delve Deeper Treasures and Tunnels,2011-07-22,True,B-HopperTr0LL
ARES Berzerker Suit,2011-07-22,False,Baileaf
Cities in Motion Metro Stations,2011-07-22,True,76561198065661382
Nancy Drew Secrets Can Kill REMASTERED,2010-08-24,True,76561198065661382
ARMA Cold War Assault,2011-08-08,False,76561198065661382
SpaceChem  Corvi,2011-07-22,True,baranaka
Tropico ,2011-09-01,True,thelazybrowniemkii
Nancy Drew The Captive Curse,2011-06-28,True,76561198301150825
Nancy Drew Trail of the Twister,2010-06-29,False,BZ4LIFE
The Clockwork Man,2011-08-10,True,76561198267779591
Pride of Nations American Civil War ,2011-08-10,True,BecauseImSAD
EDGE,2011-08-11,True,OG1
Civilization V  Civ and Scenario Pack Korea,2011-08-11,True,llamaemperor
Civilization V  Scenario Pack Wonders of the Ancient World,2011-08-11,True,birdpleb
Sanctum Official Soundtrack,2011-08-12,True,bizarrues
Hacker Evolution Duality,2011-08-15,True,myles101
Space Pirates and Zombies,2011-08-15,True,Skrytwo
Section  Prejudice Frontier Colonies Map Pack,2011-08-16,True,Skrytwo
Section  Prejudice Blitz Pack,2011-08-16,False,2spooky
Section  Prejudice Overdrive Map Pack,2011-08-16,True,2spooky
Warhammer  Dawn of War II  Ultramarines Pack,2011-08-16,True,Bonkbonkerson
Fallout New Vegas Lonesome Road,2011-09-20,False,76561198072103064
Puzzle Pirates,2011-08-31,True,imacatseeulr
The Baconing,2011-08-31,True,imacatseeulr
Warhammer  Space Marine,2011-09-05,True,imacatseeulr
Men of War Vietnam,2011-09-08,True,negrosarcastico
Hard Reset Extended Edition,2012-07-12,True,BlockStabFatality
Pride of Nations The FrancoPrussian War ,2011-09-06,True,544183980
Wasteland Angel,2011-09-01,True,buggy00
Rock of Ages,2011-09-07,False,dogapp
Red Orchestra  Heroes of Stalingrad with Rising Storm,2011-09-13,True,totesnotahacker
Cities in Motion German Cities,2011-09-14,True,captainquickler
Magic The Gathering   Expansion,2011-09-14,True,Castor_E
Sengoku,2011-09-15,True,Castor_E
Astro Tripper,2011-09-15,True,Castor_E
Nancy Drew Shadow at the Waters Edge,2010-10-19,False,76561198033432863
Two Worlds II  Pirates of the Flying Fortress,2011-09-20,True,dannysfatass
Bunch of Heroes,2011-09-21,True,hopeandchaos
Duke Nukem Forever Hail to the Icons Parody Pack,2011-10-11,True,checkm80
Supreme Commander Forged Alliance,2011-09-28,True,megatetsujin28
The Binding of Isaac,2011-09-28,False,76561198021700114
Farming Simulator  Equipment Pack ,2011-09-29,True,ParaChymp
OffRoad Drive,2011-09-29,True,Frostbyte69
Supreme Commander,2007-02-20,False,NickMcGrath
Fate of the World Tipping Point,2011-09-29,True,roitethere
Post Apocalyptic Mayhem DLC  Chaos Pack,2011-09-29,True,c1u
Fate of the World Denial,2011-09-29,True,76561198071176877
Fate of the World Migration,2011-09-29,False,CookedTuna
Sniper Ghost Warrior  Second Strike,2011-09-09,True,CookedTuna
Air Conflicts Secret Wars,2011-09-30,True,CorsairCrossley
Fate of the World Extras Pack,2011-09-29,True,Crailik
Dead Rising  Off the Record,2011-10-11,True,crnza
The Baconing DLC  Roesha  One Bad Mutha Coop Character,2011-10-11,False,76561198023152575
Disciples III  Resurrection,2011-10-11,True,OptioMajoris
Memoir  Online,2011-10-12,True,johnvu3
Train Simulator Amtrak Acela Express EMU AddOn,2011-10-13,True,EthanDennisMcKormick
Costume Quest,2011-10-14,True,EthanDennisMcKormick
The Sims  Pets,2011-10-18,True,dandeloinz
Gratuitous Space Battles The Parasites,2011-10-17,True,76561198016761464
Serious Sam The Random Encounter,2011-10-24,True,76561198016761464
Puzzler World ,2011-10-24,True,danthettt
Airline Tycoon ,2011-10-24,True,blablabla174
ArcaniA Fall of Setarrif,2011-10-24,True,76561198023971448
The Haunted Hells Reach,2011-10-24,True,DazzaMH
Orcs Must Die  Artifacts of Power,2011-10-25,False,DazzaLCFC
Dungeon Siege III Treasures of the Sun,2011-10-25,False,DBZfreakMBB
DC Universe Online,2011-11-02,True,AZA1498
Tropico  Junta Military DLC,2011-11-03,True,Punpun420
Sonic Generations Collection,2011-11-03,False,Destero
Nancy Drew Alibi in Ashes,2011-11-02,False,comcozzolino01
Orcs Must Die  Lost Adventures,2011-11-08,False,comcozzolino01
Call of Duty Modern Warfare ,2011-11-08,False,76561198052054864
LA Noire,2011-11-08,False,dodecadumpling
LA Noire DLC Bundle,2011-11-08,False,Doobuboo
Men of War Assault Squad  MP Supply Pack Charlie,2011-11-09,True,mr_doominater
Jamestown Gunpowder Treason amp Plot,2011-11-10,True,9856743GH131
Dungeon Defenders Halloween Mission Pack,2011-11-11,True,9856743GH131
Fractal Make Blooms Not War,2011-11-29,True,76561198122724739
Magicka Horror Props Item Pack,2011-11-29,True,76561198082252530
SkyDrift,2011-11-21,True,sven8910
Magicka Holiday Spirit Item Pack,2011-11-29,True,76561198052598003
Total War SHOGUN   The Hattori Clan Pack,2011-11-30,True,76561198055372428
Total War Shogun   Blood Pack DLC,2011-11-30,True,76561198142969038
Magicka The Stars Are Left,2011-11-29,True,76561197970600478
Europa Universalis III Reformation SpritePack,2011-11-30,True,76561198109249377
Real Warfare ,2010-06-11,True,theempireendures
Galactic Civilizations II Ultimate Edition,2011-12-02,False,fall3n_archon
Train Simulator West Coast Main Line North Route AddOn,2011-12-01,True,76561198103524411
APB Reloaded,2011-12-06,True,santiagoivanov
Blackwell Unbound,2012-01-13,True,FaZeWeaver
Men of War Assault Squad  Skirmish Pack ,2011-12-12,True,FlameFireBlast
Killing Floor  Steampunk Character Pack ,2011-12-07,False,neonmotiontv
Flatout  Chaos amp Destruction,2011-12-13,False,76561198018912053
Assassins Creed Revelations  The Ancestors Character Pack,2011-12-13,True,ghoules
Dungeon Defenders The Great Turkey Hunt Mission amp Costumes,2011-12-13,True,frannleman
Tropico  Plantador DLC,2011-12-14,True,TheOnlyTrueGamingGod
Earth Defense Force Insect Armageddon,2011-12-14,True,76561198054397103
Magic  Deck Pack ,2011-12-14,True,76561198054397103
Warhammer  Space Marine  Golden Relic Chainsword,2011-12-15,True,Quazziemodo
Warhammer  Space Marine  Traitor Legions Pack,2011-12-15,True,76561198080865066
Dungeons of Dredmor Realm of the Diggle Gods,2011-12-14,False,Geriland
Warhammer  Space Marine  Emperors Elite Pack,2011-12-15,True,76561198070585472
Pirates of Black Cove Origins,2011-12-15,True,76561198070585472
Warhammer  Space Marine  Golden Relic Bolter,2011-12-15,True,76561198059533968
X Albion Prelude,2011-12-15,True,171516
Trine  Complete Story,2013-06-06,True,76561198079874637
Dungeon Defenders  Quest for the Lost Eternia Shards Part ,2011-12-15,False,Mangoboy2k1
SATAZIUS,2011-12-16,True,borntoeatcake
Fable  The Lost Chapters,2011-12-19,True,gominhagomes
Renegade Ops  Reinforcement Pack,2011-12-19,True,Global
Crazy Machines  Happy New Year DLC,2011-12-19,True,gryphon556
Dungeon Defenders  Etherian Holiday Extravaganza,2011-12-20,True,BurgerStab
Saints Row The Third Warrior Pack,2011-12-20,True,blankv15
Renegade Ops  Coldstrike Campaign,2011-12-19,True,end978
Warhammer  Space Marine  Alpha Legion Champion Armour Set,2011-12-20,True,end978
Warhammer  Space Marine  Salamanders Veteran Armour Set,2011-12-20,True,HappyHouseGnome
Warhammer  Space Marine  Blood Angels Veteran Armour Set,2011-12-20,False,76561198034664008
Warhammer  Space Marine  Legion of the Damned Armour Set,2011-12-20,True,DogHog
Warhammer  Space Marine  Chaos Unleashed Map Pack,2011-12-20,True,ZECOWPOCALYPSEHAZSTARTEDZ
Earth Defense Force Tactician Advanced Tech Package,2011-12-20,False,76561198050540147
Earth Defense Force Trooper Special Issue Enforcer Package,2011-12-20,True,Sk8erboiHongKong
Earth Defense Force Battle Armor Weapon Chest,2011-12-20,True,quillomanar
Oil Rush,2012-01-25,False,hunterkiller247
Train Simulator Woodhead Route AddOn,2012-01-26,False,hunterkiller247
King Arthur II The RolePlaying Wargame,2012-01-27,False,hunterkiller247
King Arthur II Dead Legions,2012-01-27,False,hunterkiller247
Serious Sam ,2005-10-11,False,hunterkiller247
Fortune Summoners,2012-01-30,True,ERROR_LT
Star Trek Online,2010-02-02,False,76561198074377542
Dungeon Defenders Barbarian Hero DLC,2012-01-31,True,martiantrain
Dungeon Defenders Assault Mission Pack,2012-01-31,True,triangless
Jagged Alliance  Back in Action,2012-02-08,True,ihasMUFFINSWAG
Pineapple Smash Crew,2012-02-02,True,76561198076701454
Victoria II A House Divided,2012-02-02,False,76561197999719746
PixelJunk Eden,2012-02-02,True,76561198071834416
Snuggle Truck,2012-02-03,True,jarjarjake
Titan Attacks,2012-02-03,True,FvckkMyOppz
Choplifter HD  Night Avenger Chopper,2012-02-14,True,76561198035590106
Crusader Kings II,2012-02-14,True,toottootverysad
Crusader Kings II Dynasty Shields,2012-02-14,True,amative
Crusader Kings II Mongol Faces,2012-02-14,False,76561198093336165
Xotic DLC Pipe Works Expansion Pack,2012-02-15,True,76561198089772554
Alan Wake,2012-02-16,True,julez225
Train Simulator Glasgow Airport Rail Link Route AddOn,2010-05-05,False,julez225
Magicka Lonely Island Cruise,2012-02-16,True,76561197986552181
Postal III,2011-12-21,True,76561198071041704
Starpoint Gemini,2012-02-16,True,OfficialKilx
Realm of the Mad God,2012-02-20,True,76561198068644976
Hearts of Iron III Dies Irae Stars amp Stripes Spritepack,2012-02-20,True,ItsDerRey
Saints Row The Third  Gangstas in Space,2012-02-21,True,ItsDerRey
Pickers,2012-02-22,True,ItsDerRey
 Amps,2012-02-22,False,76561198033327402
Assassins Creed Revelations  The Lost Archive,2012-02-28,True,koshara
Rayman Origins,2012-03-29,True,76561198101968197
Train Simulator DB Freight s Loco AddOn,2012-03-01,True,JohnnyMcShitty
Cities In Motion Design Dreams,2012-02-29,True,76561198044800577
Vessel,2012-03-01,True,76561198084634633
iBomber Defense Pacific,2012-03-01,False,lexby
Luxor Evolved,2012-03-01,True,76561198015803033
Alan Wake Collectors Edition Extras,2012-03-02,True,Chubiful
The Sims  Showtime,2012-03-06,False,76561198071780641
Stacking,2012-03-06,True,rookynightwing
Containment The Zombie Puzzler,2012-03-02,True,rookynightwing
Train Simulator CologneDusseldorf Route AddOn,2012-03-08,True,Whoppaz
Train Simulator South West Trains Class  EMU AddOn,2012-03-08,True,76561198132960300
Wizorb,2012-03-14,True,XxX_bradley_XxX
Defenders of Ardania,2012-03-14,False,DontCareForURL
Janes Advanced Strike Fighters,2012-03-08,True,lordgraville
Bumbledore,2012-03-15,True,Lord_Zarnox
Dungeon Defenders  Presidents Day Surprise,2012-03-15,True,76561197972209961
Dungeon Defenders  Quest for the Lost Eternia Shards Part ,2012-03-15,False,ly_cheen
Cubemen,2012-03-16,True,m1lkingdud
Myst V,2012-03-16,True,76561198055685900
Dungeon Defenders Lucky Costume Pack,2012-03-16,True,76561198049937609
Space Ark,2012-03-16,True,76561198097320856
Ys The Oath in Felghana,2012-03-19,True,76561197964317648
Take On Helicopters Hinds,2012-03-20,True,niwith
Waveform,2012-03-20,True,MantisTobogganThe2nd
Saints Row The Third  The Trouble with Clones DLC,2012-03-20,True,VanClash
Mutant Storm Reloaded,2012-03-21,True,76561198028388756
Warp,2012-03-21,True,xmatiias
Kingdoms of Amalur Reckoning  Legend of Dead Kel,2012-03-20,True,xmatiias
Total War Shogun   Fall of the Samurai,2012-03-22,False,mda7
Yesterday,2012-03-22,False,mda7
Fowl Space,2012-03-21,False,mda7
Crazy Machines Elements DLC  Collision Course amp Mental Activity,2012-03-23,False,76561198066639517
Midnight Mysteries  Devil on the Mississippi,2012-03-28,True,Lightbekon
Midnight Mysteries  Haunted Houdini,2012-03-28,True,76561198087566671
Tropico  Modern Times,2012-03-29,False,miciah
SwitcheD,2012-03-29,False,Migelino64
Train Simulator Freightliner Class  Loco AddOn,2012-03-29,True,Mikaris
Dungeon Defenders Series EV Hero DLC,2012-03-29,True,lohbsy
Ridge Racer Unbounded,2012-03-29,True,shakingthingsup
Hegemony Gold Wars of Ancient Greece,2012-03-30,True,76561198056913746
Confrontation,2012-04-04,True,Sylveonssssss
Train Simulator Settle to Carlisle Route Addon,2012-04-05,False,76561198038335264
Hack Slash Loot,2012-04-05,False,CorporalTaylor200
Dungeon Defenders Penny Arcade Character Pack,2012-04-05,True,76561198090180844
The White Laboratory Demo,2012-04-06,True,mrthromato98
Atooms to Moolecules Demo,2012-04-06,True,76561198103674275
Imagine Earth,2014-05-20,True,76561198017212077
Scary Girl,2012-04-09,True,MrUnknownEMC
Airline Tycoon  Honey Airlines DLC,2012-04-19,True,MrUnknownEMC
Risen  Dark Waters,2012-04-26,True,mysterd
Dungeon Defenders Quest for the Lost Eternia Shards Part ,2012-04-26,False,n00bmobile
Risen  Dark Waters  Treasure Isle DLC,2012-04-27,True,76561198059715439
Binary Domain,2012-04-27,True,76561198051832446
Analogue A Hate Story,2012-04-27,False,superredranga
Total War SHOGUN   Dragon War Battle Pack,2012-05-01,True,76561198071684592
Saints Row The Third  Steelport Gangs Pack,2012-05-01,True,NinjaCowboy96
Train Simulator Settle Carlisle Specials AddOn,2012-05-03,True,NinjaCowboy96
Ticket to Ride  USA ,2012-05-24,True,NinjaCowboy96
Cities in Motion Paris,2012-05-15,False,NinjaCowboy96
Jagged Alliance  Back in Action Shades of Red DLC,2012-05-15,True,Nipleopleus
Serious Sam HD The Second Encounter,2010-04-28,False,76561198016067437
Serious Sam HD The Second Encounter  Legend of the Beast DLC,2012-05-15,True,76561198044752424
Nancy Drew Tomb of the Lost Queen,2012-05-16,False,No_Count
Dead Hungry Diner,2012-05-16,True,76561198088807138
Train Simulator BR Class  VEP EMU AddOn,2012-05-17,True,76561198080209148
Train Simulator Portsmouth Direct Line Route AddOn,2012-05-17,True,76561198102409708
Resident Evil Operation Raccoon City,2012-05-18,False,2547887
Alien Shooter  Conscription,2012-05-18,True,76561198051139390
Gratuitous Tank Battles,2012-05-17,True,76561198051139390
Farming Simulator Farming Classics Pack ,2012-05-18,True,MexyMax
Ticket to Ride  Europe,2012-05-24,False,76561198099718069
Ticket to Ride,2012-05-24,True,WardPimp
Train Simulator DB BR Loco AddOn,2012-05-24,True,mysterys
Train Simulator Class  Diamond Jubilee Loco AddOn,2012-05-31,True,P51DWT
Ys Origin,2012-05-31,True,P51DWT
Dungeon Defenders Talay Mining Complex Mission Pack,2012-05-31,True,h2ojustaddwater
Max Payne  Rockstar Pass,2012-05-31,True,76561198060678959
Max Payne ,2012-05-31,True,PeaceEagle
Binary Domain  Multiplayer Map Pack,2012-06-01,True,PeaceEagle
Binary Domain  Dan Marshall Pack,2012-06-01,True,souedu
Waveform Eris,2012-06-04,False,Pzop
The Lord of the Rings Online,2012-06-06,True,76561198041739032
Splice,2012-06-13,True,76561198032545347
Indie Game The Movie,2012-06-12,True,PuppyxKitten
Krater,2012-06-12,True,76561198100811093
LEGO Batman  DC Super Heroes,2012-06-22,True,pippipcheeriommmbangersandmash
Quantum Conundrum The Desmond Debacle,2012-06-21,False,76561198054162412
Vindictus,2012-06-22,False,76561198093768306
Sniper Elite V  Kill Hitler   Rifles,2012-06-06,False,speddoman
Call of Duty Modern Warfare  Collection ,2012-06-21,True,76561198035531441
Penny Arcades On the RainSlick Precipice of Darkness ,2012-06-25,True,Reagan3211
The Dark Eye Chains of Satinav,2012-06-22,False,ThatTTMRGuy
Dungeons amp Dragons Online Menace of the Underdark,2012-06-25,True,ILikeMintIceCream
Dungeons amp Dragons Online,2012-06-25,True,ILikeMintIceCream
Tom Clancys Ghost Recon Future Soldier,2012-06-26,False,epic_taco
Crusader Kings II Songs of the Caliph,2012-06-26,True,epic_taco
Expansion  Crusader Kings II Sword of Islam,2012-06-26,True,epic_taco
Quantum Conundrum,2012-06-21,True,epic_taco
Tribes Ascend,2012-06-27,True,spicydoggomemes
Killing Floor  Harold Lott Character Pack,2012-07-05,True,fuckoffandstopsharingmyprofile
Divine Divinity,2002-09-20,False,76561198069668522
Crusader Kings II African Unit Pack,2012-06-26,False,76561198069668522
Xotic DLC Warp Field Expansion Pack,2012-07-06,True,678rtv45
Foreign Legion Multi Massacre,2012-07-09,True,76561198042294034
Dungeon Defenders   Quest for the Lost Eternia Shards Part ,2012-07-10,True,sakmurachan
Magic  Goblin Gangland Deck Key,2012-07-11,True,76561198090934295
Magic  Pack Instinct Deck Key,2012-07-11,False,76561198090934295
Street Fighter X Tekken Hugo Swap Costume,2012-07-20,True,ScreamingAngels
Magic  Obedient Dead Foil Conversion,2012-07-11,False,M_D_
Magic  Goblin Gangland Foil Conversion,2012-07-11,True,ZechLZ
Street Fighter X Tekken Law Swap Costume,2012-07-20,True,-SEVEN-
Street Fighter X Tekken King Swap Costume,2012-07-20,False,-SEVEN-
Street Fighter X Tekken Julia Swap Costume,2012-07-24,True,76561198088748682
Street Fighter X Tekken Paul Swap Costume,2012-07-20,True,SGT_Corrion
Might amp Magic Heroes VI  Pirates of the Savage Sea Adventure Pack,2012-07-12,True,Eshdawg
Street Fighter X Tekken Ibuki Swap Costume,2012-07-20,True,Terminally-Chill
Street Fighter X Tekken Rolento Swap Costume,2012-07-20,True,Terminally-Chill
Street Fighter X Tekken Sagat Swap Costume,2012-07-20,True,SlenderTurtle
Street Fighter X Tekken Dhalsim Swap Costume,2012-07-20,False,76561198068953573
Street Fighter X Tekken Abel Swap Costume,2012-07-20,True,76561198095765519
Street Fighter X Tekken Lili Swap Costume,2012-07-20,True,nomoresilent
Street Fighter X Tekken Zangief Swap Costume,2012-07-20,True,Nyr1
Street Fighter X Tekken Raven Swap Costume,2012-07-24,True,kevin_rudd
Street Fighter X Tekken Yoshimitsu Swap Costume,2012-07-24,True,oddso
Street Fighter X Tekken Jin Swap Costume,2012-07-24,True,76561198119376787
Street Fighter X Tekken Ogre Swap Costume,2012-07-24,True,76561198084063741
Street Fighter X Tekken Xiaoyu Swap Costume,2012-07-24,True,76561198119867383
Street Fighter X Tekken Tekken Swap Costume Complete Pack,2012-07-24,True,nobody114514
Street Fighter X Tekken Street FighterTekken Shared Assist Gem Pack ,2012-07-24,True,76561198095748015
Street Fighter X Tekken Street FighterTekken Shared Assist Gem Pack ,2012-07-24,True,hedged
MDK HD,2012-07-30,True,floppymoppy
Shatter Official Videogame Soundtrack,2012-07-30,True,spankwankable
The Book of Unwritten Tales Digital Extras,2012-07-30,True,SwegSpuudddyyy69
Hearts of Iron III US Infantry Sprite Pack,2012-07-31,False,TustardCart
The Book of Unwritten Tales,2012-07-31,False,76561198074319125
Victoria II A House Divided  American Civil War Spritepack,2012-07-31,True,GhostZeroXD
Street Fighter X Tekken Street Fighter Swap Costume Complete Pack,2012-07-24,True,steviescoop
A Virus Named TOM,2012-08-01,True,76561198146862794
eXceed nd  Vampire REX,2012-08-02,True,76561198062469316
A Virus Named TOM Soundtrack,2012-08-01,True,76561198070588180
eXceed rd  Jade Penetrate Black Package,2012-08-02,True,StrayDog8797
Ticket to Ride  Legendary Asia,2012-08-02,True,SFort
Death Rally,2012-08-03,True,SuperScore
Train Simulator CN SD Wide Nose Loco AddOn,2012-08-03,False,tamlieu
Sleeping Dogs The Red Envelope Pack,2012-08-21,False,tamlieu
Train Simulator SD V Volume  Loco AddOn,2012-08-03,True,RIPTatsumaru
Killing Floor  Ash Harding Character Pack,2012-08-10,True,hauntedblast
Hero Academy,2012-08-10,True,Gotemlostinme
Train Simulator DB ICE  EMU AddOn,2012-08-09,False,terrill000
Iron Brigade,2012-08-13,True,TetisTiger
Sleeping Dogs Top Dog Silver Pack,2012-08-13,True,TetisTiger
Sleeping Dogs Retro Triad Pack,2012-08-13,True,76561198001160024
Galaxy on Fire  Full HD,2012-08-21,True,76561198061611219
CounterStrike Global Offensive,2012-08-21,True,mitchbigd
STAR WARS Knights of the Old Republic II  The Sith Lords,2005-02-08,True,76561198070264437
Dins Curse,2010-03-31,True,1626466724893520
AVSEQ,2012-08-23,True,58254410
Train Simulator Southern Pacific Cab Forward Loco AddOn,2012-08-23,True,lookhereifyoureastalker
Train Simulator PRR GE  Loco AddOn,2012-08-23,False,lookhereifyoureastalker
Train Simulator UP GE  Loco AddOn,2012-08-23,True,someonelewd
Gotham City Impostors Free to Play Premium Card Pack ,2012-08-30,False,76561198038741062
Gotham City Impostors Free to Play Killah Kitteh,2012-08-30,True,matoegos
Gotham City Impostors Free to Play Steampunk Costume,2012-08-30,True,TheDarkSteveh
Gotham City Impostors Free to Play Stitches,2012-08-30,True,TheDarkSteveh
Gotham City Impostors Free to Play Ninja Costume,2012-08-30,True,TheFazza
Closure,2012-09-07,True,HuskyWaffle
Gotham City Impostors Free to Play Harlette,2012-08-30,False,Element121
Gotham City Impostors Free to Play Support Item Pack  Professional,2012-08-30,True,76561198060398831
Gotham City Impostors Free to Play Weapon Pack  Ultimate,2012-08-30,False,tracknumberseven
Gotham City Impostors Free to Play Support Item Pack  Starter,2012-08-30,False,tortoisecreative
Gotham City Impostors Free to Play Crocky,2012-08-30,False,Turbo_Husky
Gotham City Impostors Free to Play Weapon Pack  Professional,2012-08-30,False,u2late
Gotham City Impostors Free to Play Premium Card Pack ,2012-08-30,True,BigSmokePhil
Gotham City Impostors Free to Play Costume Coin Boost  Solo,2012-08-30,True,viprin
To the Moon Soundtrack,2012-09-07,True,V0rT3xThe3rd
Batman Arkham City  Game of the Year Edition,2012-09-07,True,TheOnlyVelvet
To the Moon,2011-11-01,True,TheOnlyVelvet
Intrusion ,2012-09-11,True,zeriora
Gotham City Impostors Free to Play Ultimate Impostor Kit,2012-08-30,True,volka
Critter Crunch,2012-09-11,True,W33dl3y
Hearts of Iron III Sounds of Conflict,2012-09-12,True,W33dl3y
Arma  Army of the Czech Republic,2012-09-12,True,warheads
Jet Set Radio,2012-09-19,True,warheads
Magic The Gathering  Duels of the Planeswalkers  Expansion,2012-09-19,True,Warrfoxx
Awesomenauts  Expendable Clunk Skin,2012-09-19,True,Warrfoxx
Awesomenauts  Bumble Gnaw Skin,2012-09-19,True,76561198082569416
Awesomenauts  Hotrod Derpl Skin,2012-09-19,True,AnOddBandit
Awesomenauts  Kosmonaut Yuri Skin,2012-09-19,True,LeZoidberg
Awesomenauts  Grandmaster Splash Skin,2012-09-19,True,SuperVegito45
Awesomenauts  Coco Hawaii Skin,2012-09-19,True,76561198026497579
Might amp Magic Heroes VI  Danse Macabre Adventure Pack,2012-09-27,True,76561198035790591
Resident Evil Operation Raccoon City  Renegade Weapons Pack,2012-09-24,True,76561198035790591
Resident Evil Operation Raccoon City  Classic Weapons Pack,2012-09-24,True,steamxanbunny
Resident Evil Operation Raccoon City  Elite Weapons Pack,2012-09-24,False,steamxanbunny
Resident Evil Operation Raccoon City  Echo Six Expansion Pack ,2012-09-24,True,76561198079408469
Resident Evil Operation Raccoon City  Weapon Stash,2012-09-24,True,L0RDVAD3R
Resident Evil Operation Raccoon City  Echo Six Expansion Pack ,2012-09-24,True,L0RDVAD3R
The Testament of Sherlock Holmes,2012-09-25,False,76561198049676894
ETHER VAPOR Remaster,2012-09-27,True,YaraManco
Carrier Command Gaea Mission,2012-09-28,True,YaYa7979
DCoat V,2012-10-02,True,76561198075993539
BITTRIPCORE Soundtrack,2012-10-02,False,InjectingMarijuanas
Cortex Command,2012-09-28,True,76561198121985910
Dogfight  Russia Under Siege,2012-09-28,True,yvanne
BITTRIP CORE,2012-10-02,True,yvanne
Borderlands  Mechromancer Pack,2012-10-09,False,sirnephilim
Duels  Aura Servants Deck Key,2012-10-10,True,snakedog
Duels  Mindstorms Deck Key,2012-10-10,True,76561198064736339
Duels  Mindstorms Foil Conversion,2012-10-10,True,pdiddymohouze
Duels  Collective Might Foil Conversion,2012-10-10,True,st0p-stalk
Duels  Aura Servants Foil Conversion,2012-10-10,True,JimmyPlant
Rocksmith  Queen  Keep Yourself Alive,2012-10-16,True,2EzRogueDH
Duels  Collective Might Deck Key,2012-10-10,True,rizkywarouw
Duels  Sepulchral Strength Deck Key,2012-10-10,True,AgrarianSkyX
Rocketbirds Hardboiled Chicken,2012-10-15,True,LieutenantFury
Doom  BFG Edition,2012-10-15,True,heylistenm8
Borderlands   Captain Scarlett and her Pirates Booty,2012-10-16,True,TheMishdyHub
Sleeping Dogs  Street Racer Pack,2012-10-16,True,ErrorT3rm1n4l
Sleeping Dogs  Tactical Soldier Pack,2012-10-16,True,ErrorT3rm1n4l
Dungeon Defenders Anniversary Pack,2012-10-16,True,_Minja
Crusader Kings II Songs of Byzantium,2012-10-16,True,guygu6
Rocksmith  My Chemical Romance  Planetary GO,2012-10-16,True,moniinthebag
Rocksmith   Doors Down  Song Pack,2012-10-16,True,tuckismad
Rocksmith  The Police  Synchronicity II,2012-10-16,False,irmikeee
Rocksmith   Doors Down  Loser,2012-10-16,False,deviousbastard
Rocksmith   Doors Down  When Im Gone,2012-10-16,True,76561197971851704
Rocksmith  blink  All The Small Things,2012-10-16,True,beanseller
Rocksmith  blink  Dammit,2012-10-16,True,76561197982124018
Rocksmith  The Black Keys  Just Got To Be,2012-10-16,True,theroleplaygamer
Rocksmith  Pearl Jam  Black,2012-10-16,True,theroleplaygamer
Rocksmith  The Police  Roxanne,2012-10-16,True,kazanmor
Rocksmith  Queen  Stone Cold Crazy,2012-10-16,True,J-BwB
Rocksmith  The Allman Brothers Band  Jessica,2012-10-16,True,alienc
Rocksmith  Marvin Gaye  Whats Going On,2012-10-16,False,sk0p3d4ft3rsk00l
Rocksmith  Albert King with Stevie Ray Vaughan  Born Under a Bad Sign,2012-10-16,True,walterlol
Rocksmith  The Blues Brothers Band  Soul Man,2012-10-16,True,smarthio
Rocksmith  The Black Keys Song Pack,2012-10-16,False,76561198013535175
Rocksmith  Megadeth Song Pack,2012-10-16,True,sdq101
Rocksmith  Queen Song Pack,2012-10-16,False,76561198015882376
Rocksmith  My Chemical Romance Song Pack,2012-10-16,False,76561198020246111
Rocksmith  The Allman Brothers Band  Whipping Post,2012-10-16,True,ecosweetz
Rocksmith  My Chemical Romance  Na Na Na Na Na Na Na Na,2012-10-16,True,gangstapimpplaya
Rocksmith  The Temptations  My Girl,2012-10-16,True,misschekie
Rocksmith  Megadeth  Public Enemy No ,2012-10-16,True,thomasonefoot
Rocksmith  Deep Purple  Smoke on the Water,2012-10-16,True,nikpasic
Rocksmith  Megadeth  Symphony of Destruction,2012-10-16,False,dootz
Rocksmith,2012-10-16,True,Lenzarious
Edna amp Harvey Harveys New Eyes,2012-10-16,True,76561198033266228
Unity of Command Stalingrad Campaign,2012-10-17,False,SvDKILLSWITCH
Primal Carnage,2012-10-29,True,76561198034857562
Rocksmith  The Knack  My Sharona,2012-10-16,True,76561198038567931
Rocksmith   Doors Down  Kryptonite,2012-10-16,False,76561198038567931
Giana Sisters Twisted Dreams,2012-10-22,False,76561198038567931
Tropico  Pirate Heaven DLC,2012-10-23,True,76561198039880975
A Game of Dwarves,2012-10-23,False,LordMinion777
XCOM Enemy Unknown  Elite Soldier Pack,2012-10-23,False,xXPOTATOSLADXx
Hotline Miami,2012-10-23,False,princemart
Sleeping Dogs The SWAT Pack,2012-10-23,True,eileen007
Sleeping Dogs Screen Legends Pack,2012-10-23,True,therestisnoise
Krater  Character DLC Mayhem MK,2012-10-23,True,WolfgangKillDemAll
Guns of Icarus Online,2012-10-29,True,76561198043392285
Condemned Criminal Origins,2006-04-11,True,-PRoSlayeR-
Beyond Divinity,2004-04-27,True,76561198043664811
Magicka Grimnirs Laboratory,2012-10-29,True,StayMad
Divinity II Developers Cut,2012-10-29,True,Astrona
Rocksmith  Avenged Sevenfold  Beast and the Harlot,2012-10-30,True,Bonk_Boy
Rocksmith  Avenged Sevenfold  Afterlife,2012-10-30,True,76561198047679159
POSTAL ,2003-04-13,True,76561198047693993
F RACE STARS,2012-11-13,True,youdienow
Chaos on Deponia,2012-11-06,False,76561198050506383
Gemini Wars,2012-11-02,True,Cleze
APB Reloaded Urban Survival Pack,2012-11-06,True,Akko6288
Magic The Gathering   Deck Pack ,2012-11-07,False,BecHyIIIka
Worms Revolution  Mars Pack,2012-11-07,True,sschuarmatt
Gratuitous Tank Battles  The Western Front,2012-11-09,True,76561198054027097
Sine Mora,2012-11-09,False,shiinaakashi
FlyN,2012-11-09,True,76561198056640962
Puddle,2012-11-09,False,JugglerShang
Memento Mori,2012-11-09,True,JugglerShang
Clan of Champions  New Helmet Pack ,2012-11-09,True,76561198057276193
Clan of Champions  Item Box ,2012-11-09,True,76561198058697824
Clan of Champions  New Armor Pack ,2012-11-09,True,Sly_Elf
Call of Duty Black Ops II,2012-11-12,True,76561198060545297
Sleeping Dogs Deep Undercover Pack,2012-11-13,True,76561198060545297
Sleeping Dogs  Triad Enforcer Pack,2012-11-13,True,76561198060545297
F Race Stars  Music Accessory Pack,2012-11-13,True,IYITHEBOY
Sleeping Dogs Square Enix Character Pack,2012-11-13,True,76561198061315361
F Race Stars  Science Accessory Pack,2012-11-13,True,SethSentry
F Race Stars  Princess Accessory Pack,2012-11-13,True,76561198064948275
F Race Stars  Nature Accessory Pack,2012-11-13,True,76561198064985698
F Race Stars  Monster Accessory Pack,2012-11-13,True,tadlicated
Jagged Alliance   Wildfire,2004-03-08,False,tadlicated
Hitman Absolution Bartoli Custom Gun,2012-11-19,True,76561198067997800
Hitman Absolution Agency HX UMP,2012-11-19,True,76561198068620780
Hitman Absolution Agency SPS ,2012-11-19,True,NeoZenith1
Hitman Absolution Deus Ex Adam Jensen Handgun,2012-11-19,True,NeoZenith1
Hitman Absolution High Tech Disguise,2012-11-19,True,ThomWin
Hitman Absolution Deus Ex Adam Jensen Disguise,2012-11-19,True,shialebeoufmeme
The Sims  Supernatural,2012-11-20,True,Katzieon
The Sims  Diesel Stuff,2012-11-20,True,dmitry_who
The Sims  Seasons,2012-11-20,True,76561198070651185
Magic  Act of War Deck Key,2012-11-21,True,76561198070698244
Magic  Sky and Scale Foil Conversion,2012-11-21,False,76561198070894525
Magic  Act of War Foil Conversion,2012-11-21,False,76561198071755703
Magic  Sky and Scale Deck Key,2012-11-21,False,76561198071901614
Worms Revolution Medieval Tales DLC,2012-11-21,True,76561198071901614
Train Simulator Union Pacific Big Boy Loco AddOn,2012-11-23,False,pnktoud
Miasmata,2012-11-28,True,sparksflynn
Stealth Bastard Deluxe  Soundtrack,2012-11-28,True,sparksflynn
Tomb Raider VI The Angel of Darkness,2012-11-28,True,Get_SiCkled
Stealth Bastard Deluxe,2012-11-28,True,softchippi
GT Legends,2005-09-26,True,youngbenaffleck
Trainz Simulator DLC PRR T,2012-11-29,True,TheNotPlaying
The Book of Unwritten Tales The Critter Chronicles,2012-12-05,True,76561198076735654
Primordia,2012-12-05,True,76561198077524144
A Game of Dwarves Star Dwarves,2012-12-06,True,76561198077818232
Mabinogi,2012-12-06,False,75791513
Triple Town,2012-12-06,False,76561198079355713
Legacy of Kain Defiance,2003-12-17,True,therealsupah
Legacy of Kain Soul Reaver,2012-12-06,True,dratini147
Train Simulator Union Pacific SD Loco AddOn,2012-12-06,True,76561198080270958
Iron Sky Invasion,2012-12-13,True,76561198081155725
Assassins Creed III  The Hidden Secrets Pack,2012-12-11,True,trolololololololololohehelolol
Port Royale  New Adventures DLC,2012-12-11,True,dizzy_zane
Rocksmith  Nickelback   Song Pack,2012-12-11,True,76561198082823023
A New Beginning  Final Cut,2012-12-11,True,whydafaqareyoustalkingme
Rocksmith  Nickelback  How You Remind Me,2012-12-11,False,76561198083368303
NiGHTS Into Dreams,2012-12-17,True,ramjamslam
Train Simulator EdinburghGlasgow Route AddOn,2011-03-25,False,scarfacejoe10
SpellForce   Faith in Destiny Scenario  Flinks Secret Diary,2012-12-17,True,Fikolius
Hearts of Iron III British Vehicle Spritepack,2012-12-17,True,76561198089026473
Hearts of Iron III Japanese Vehicle Spritepack,2012-12-17,True,marikoelquelolea
Rage The Scorchers,2012-12-18,True,MalignusBR
Tropico  Vigilante DLC,2012-12-18,True,JonesD2017
Rocksmith  Foo Fighters  Wheels,2012-12-18,True,Shadowcyhte
Rocksmith  Foo Fighters  Times Likes These,2012-12-18,True,LonTheDarkGamer
Rocksmith  Foo Fighters  My Hero,2012-12-18,True,MagmaCIaw
Rocksmith  Foo Fighters  Walk,2012-12-18,True,-Ultrix
Sacred  Gold,2012-12-21,True,isse7enfold5
Train Simulator Donner Pass Southern Pacific Route AddOn,2012-12-21,True,76561198095928099
Splice Epilogue Soundtrack,2012-12-31,True,76561198095928099
Angelica Weaver Catch Me When You Can,2013-01-07,True,HarrisonDealSteam
F Race Stars  China Track,2013-01-07,True,amillionlemons
F Race Stars  Canada Track,2013-01-07,True,amillionlemons
Primal Fears,2013-01-08,True,76561198097768337
F Race Stars  India Track,2013-01-07,True,MsVen
Worms Ultimate Mayhem  Multiplayer Pack DLC,2013-01-09,True,MsVen
Train Simulator DB ICE  EMU AddOn,2013-01-10,True,76561198099852870
Fieldrunners ,2013-01-10,True,rexsniper
Sword of the Stars II Soundtrack,2013-01-09,False,76561198100529585
Sins of a Solar Empire Rebellion  Original Soundtrack,2013-01-11,True,Axys79
Gratuitous Space Battles The Outcasts,2013-01-11,True,PulpCraft
Rocksmith  The Strokes  Reptilia,2013-01-22,True,76561198106568060
SpellForce   Faith in Destiny Scenario  The Golden Fool,2013-01-18,True,memesfrescas
Painkiller Hell amp Damnation Satan Claus DLC,2013-01-17,False,TheJewsDidNineEleven
Borderlands  Commando Supremacy Pack,2013-01-22,True,moruera
Borderlands  Commando Domination Pack,2013-01-22,True,moruera
Spectromancer Gathering of Power,2013-01-21,True,76561198125270928
Borderlands  Siren Madness Pack,2013-01-22,False,76561198125270928
Borderlands  Gunzerker Madness Pack,2013-01-22,True,SomeRandomCarrot
Borderlands  Gunzerker Domination Pack,2013-01-22,True,76561198127058661
Borderlands  Siren Domination Pack,2013-01-22,True,geekmannerd
Strike Suit Zero Soundtrack,2013-01-23,True,76561198133180878
Strike Suit Zero,2013-01-23,True,42456
The Cave,2013-01-23,True,thisisatrash
Ace Combat Assault Horizon  Enhanced Edition,2013-01-24,True,valinorau
Hotline Miami Soundtrack,2013-01-24,True,imakeclocks
DmC Devil May Cry,2013-01-24,True,76561198208704549
Defense Grid Containment DLC,2013-01-23,True,MeloncraftLP
